"customer_id","LOANS_WITHOUT_DELAYS","LOANS_WITH_DELAYS","KNOWN_ASSETS"
36493,3,3,4e+07
36494,3,0,2e+07
36496,2,1,0
36497,1,0,4e+07
36498,7,0,NA
36499,6,0,1e+07
36501,4,0,2e+07
36502,1,0,1e+07
36503,3,0,0
36504,4,0,2e+07
36506,2,0,1e+07
36507,4,3,0
36508,3,2,0
36509,4,0,1e+07
36511,1,0,0
36512,4,0,1e+07
36513,1,0,2e+07
36514,4,0,NA
36516,1,2,1e+07
36517,3,0,1e+07
36518,2,0,2e+07
36519,4,1,2e+07
36521,1,0,5e+07
36522,2,0,2e+07
36523,2,0,2e+07
36524,2,0,1e+07
36526,3,2,1e+07
36527,2,3,5e+07
36528,2,1,NA
36529,1,2,2e+07
36531,5,3,1e+07
36532,2,0,0
36533,1,1,2e+07
36534,4,0,3e+07
36536,6,0,2e+07
36537,2,0,1e+07
36538,2,3,1e+07
36539,3,0,0
36541,4,0,1e+07
36542,3,0,NA
36543,2,0,NA
36544,1,3,1e+07
36546,1,0,2e+07
36547,5,0,1e+07
36548,5,0,2e+07
36549,1,1,0
36551,5,3,2e+07
36552,1,2,4e+07
36553,4,0,NA
36554,2,0,4e+07
36556,5,3,1e+07
36557,3,3,2e+07
36558,3,0,4e+07
36559,3,0,NA
36561,3,2,2e+07
36562,5,3,0
36563,3,0,1e+07
36564,1,0,NA
36566,3,1,0
36567,5,0,1e+07
36568,1,0,0
36569,4,0,NA
36571,2,3,1e+07
36572,2,1,5e+07
36573,1,0,NA
36574,2,0,0
36576,3,1,1e+07
36577,1,1,2e+07
36578,5,0,0
36579,4,1,1e+07
36581,4,0,0
36582,5,0,NA
36583,4,0,1e+07
36584,2,0,0
36586,2,3,1e+07
36587,6,0,2e+07
36588,1,0,1e+07
36589,1,2,3e+07
36591,1,1,2e+07
36592,4,0,2e+07
36593,1,1,0
36594,2,0,0
36596,3,2,0
36597,2,2,1e+07
36598,2,0,NA
36599,2,0,1e+07
36601,3,1,2e+07
36602,1,3,1e+07
36603,3,1,0
36604,2,1,2e+07
36606,1,1,0
36607,3,0,0
36608,3,2,2e+07
36609,2,0,1e+07
36611,2,3,4e+07
36612,5,1,2e+07
36613,5,0,1e+07
36614,1,1,1e+07
36616,6,0,2e+07
36617,3,3,5e+07
36618,3,0,1e+07
36619,4,1,2e+07
36621,3,2,NA
36622,4,0,1e+07
36623,3,0,1e+07
36624,1,0,0
36626,2,0,1e+07
36627,2,2,2e+07
36628,4,1,1e+07
36629,1,3,1e+07
36631,4,1,NA
36632,1,3,2e+07
36633,2,1,NA
36634,2,1,NA
36636,3,0,2e+07
36637,4,1,1e+07
36638,2,2,1e+07
36639,3,0,4e+07
36641,5,3,3e+07
36642,2,1,1e+07
36643,5,0,1e+07
36644,4,0,5e+07
36646,3,0,1e+07
36647,4,1,1e+07
36648,5,0,1e+07
36649,3,1,1e+07
36651,1,3,2e+07
36652,4,0,1e+07
36653,3,3,2e+07
36654,3,0,1e+07
36656,3,0,5e+07
36657,3,0,4e+07
36658,2,0,2e+07
36659,3,3,1e+07
36661,2,0,0
36662,1,0,3e+07
36663,3,0,1e+07
36664,1,2,0
36666,2,0,0
36667,2,1,NA
36668,2,0,1e+07
36669,3,0,2e+07
36671,2,0,2e+07
36672,2,0,NA
36673,1,3,NA
36674,3,0,NA
36676,4,2,1e+07
36677,4,0,1e+07
36678,2,3,1e+07
36679,4,0,NA
36681,1,0,NA
36682,5,0,2e+07
36683,3,0,0
36684,3,0,NA
36686,1,2,0
36687,3,0,2e+07
36688,4,0,5e+07
36689,3,0,0
36691,3,0,1e+07
36692,1,0,1e+07
36693,2,1,0
36694,3,1,0
36696,3,0,1e+07
36697,2,0,2e+07
36698,5,0,1e+07
36699,1,0,3e+07
36701,4,3,2e+07
36702,2,0,1e+07
36703,3,0,1e+07
36704,3,0,1e+07
36706,4,0,2e+07
36707,2,0,4e+07
36708,1,0,NA
36709,1,0,2e+07
36711,1,0,NA
36712,4,1,0
36713,1,2,5e+07
36714,3,0,3e+07
36716,4,0,2e+07
36717,2,0,2e+07
36718,1,0,0
36719,3,0,4e+07
36721,2,0,1e+07
36722,1,3,1e+07
36723,1,1,NA
36724,4,0,1e+07
36726,2,0,0
36727,3,0,2e+07
36728,3,0,1e+07
36729,1,0,1e+07
36731,2,3,5e+07
36732,2,0,NA
36733,2,1,0
36734,4,3,1e+07
36736,4,0,1e+07
36737,1,0,1e+07
36738,2,0,NA
36739,3,1,5e+07
36741,1,2,0
36742,2,0,1e+07
36743,1,1,1e+07
36744,1,0,NA
36746,4,0,0
36747,4,0,NA
36748,4,0,4e+07
36749,4,0,1e+07
36751,2,1,0
36752,2,1,1e+07
36753,2,0,0
36754,2,3,5e+07
36756,2,0,2e+07
36757,4,2,NA
36758,3,3,2e+07
36759,1,0,NA
36761,4,0,2e+07
36762,2,0,0
36763,1,0,NA
36764,3,0,1e+07
36766,1,0,0
36767,3,1,2e+07
36768,4,0,0
36769,4,0,1e+07
36771,1,3,2e+07
36772,4,3,1e+07
36773,1,0,0
36774,1,1,0
36776,1,0,0
36777,1,0,0
36778,3,0,1e+07
36779,4,0,3e+07
36781,1,0,4e+07
36782,5,0,4e+07
36783,3,0,1e+07
36784,1,0,3e+07
36786,1,3,1e+07
36787,4,0,1e+07
36788,4,0,2e+07
36789,1,0,1e+07
36791,1,3,2e+07
36792,4,0,1e+07
36793,1,2,0
36794,3,0,2e+07
36796,1,0,5e+07
36797,2,0,0
36798,2,0,0
36799,1,0,3e+07
36801,1,0,2e+07
36802,2,0,NA
36803,3,0,0
36804,2,3,1e+07
36806,1,0,0
36807,1,1,2e+07
36808,2,1,1e+07
36809,2,0,0
36811,3,1,2e+07
36812,4,0,1e+07
36813,4,1,2e+07
36814,2,1,1e+07
36816,1,0,1e+07
36817,3,0,0
36818,4,0,0
36819,1,0,NA
36821,1,3,1e+07
36822,1,0,0
36823,1,3,1e+07
36824,4,0,NA
36826,1,2,1e+07
36827,3,0,1e+07
36828,1,1,0
36829,4,0,1e+07
36831,4,0,1e+07
36832,1,0,4e+07
36833,3,0,1e+07
36834,1,0,1e+07
36836,3,0,NA
36837,1,0,4e+07
36838,3,1,3e+07
36839,2,0,4e+07
36841,3,0,1e+07
36842,1,0,1e+07
36843,3,1,1e+07
36844,3,0,1e+07
36846,2,1,2e+07
36847,3,0,3e+07
36848,3,0,3e+07
36849,4,0,NA
36851,1,1,1e+07
36852,2,0,1e+07
36853,3,0,1e+07
36854,2,0,1e+07
36856,2,0,NA
36857,1,3,1e+07
36858,1,0,3e+07
36859,3,1,1e+07
36861,1,0,0
36862,4,0,1e+07
36863,1,0,1e+07
36864,2,0,0
36866,3,0,NA
36867,4,0,2e+07
36868,4,0,2e+07
36869,2,0,NA
36871,3,1,1e+07
36872,1,0,NA
36873,2,0,NA
36874,3,3,1e+07
36876,3,1,1e+07
36877,1,2,4e+07
36878,1,0,1e+07
36879,3,1,1e+07
36881,1,0,2e+07
36882,3,0,2e+07
36883,3,0,1e+07
36884,3,0,1e+07
36886,3,0,2e+07
36887,4,0,1e+07
36888,2,0,NA
36889,2,0,0
36891,2,0,1e+07
36892,3,2,2e+07
36893,1,0,0
36894,2,2,NA
36896,3,0,2e+07
36897,2,1,1e+07
36898,2,0,2e+07
36899,2,0,0
36901,2,2,1e+07
36902,2,0,1e+07
36903,4,2,1e+07
36904,3,1,2e+07
36906,1,3,NA
36907,1,2,NA
36908,1,0,1e+07
36909,1,0,0
36911,3,0,NA
36912,3,0,1e+07
36913,3,2,1e+07
36914,1,3,1e+07
36916,1,2,0
36917,4,0,2e+07
36918,3,2,0
36919,3,3,1e+07
36921,1,0,1e+07
36922,1,1,2e+07
36923,1,3,1e+07
36924,1,0,0
36926,3,1,2e+07
36927,1,2,2e+07
36928,4,0,1e+07
36929,3,0,NA
36931,3,2,5e+07
36932,2,0,1e+07
36933,2,1,NA
36934,3,2,1e+07
36936,1,0,0
36937,3,0,NA
36938,3,0,1e+07
36939,1,0,2e+07
36941,1,0,2e+07
36942,3,0,3e+07
36943,2,0,0
36944,4,0,1e+07
36946,3,0,4e+07
36947,2,0,1e+07
36948,1,0,0
36949,3,0,1e+07
36951,2,0,NA
36952,3,0,1e+07
36953,2,3,1e+07
36954,1,0,1e+07
36956,3,0,4e+07
36957,2,3,1e+07
36958,3,3,2e+07
36959,2,0,1e+07
36961,3,0,1e+07
36962,3,0,NA
36963,1,0,1e+07
36964,2,3,0
36966,2,1,0
36967,1,0,NA
36968,3,0,0
36969,1,2,NA
36971,2,0,NA
36972,2,1,1e+07
36973,2,0,NA
36974,1,2,NA
36976,5,0,1e+07
36977,3,0,0
36978,1,1,0
36979,3,0,3e+07
36981,3,0,2e+07
36982,1,0,5e+07
36983,2,2,1e+07
36984,1,3,2e+07
36986,1,3,0
36987,4,0,1e+07
36988,3,0,5e+07
36989,2,3,NA
36991,2,0,1e+07
36992,2,0,0
36993,3,0,0
36994,1,0,1e+07
36996,1,0,1e+07
36997,1,0,1e+07
36998,2,0,1e+07
36999,1,0,0
37001,3,0,NA
37002,3,0,NA
37003,1,1,NA
37004,3,0,0
37006,3,0,NA
37007,4,1,0
37008,2,0,0
37009,3,0,NA
37011,3,1,2e+07
37012,3,3,NA
37013,1,1,0
37014,3,2,0
37016,2,0,1e+07
37017,1,0,NA
37018,3,3,0
37019,1,1,1e+07
37021,2,0,1e+07
37022,2,0,2e+07
37023,4,0,0
37024,1,0,0
37026,2,3,2e+07
37027,2,0,2e+07
37028,1,3,1e+07
37029,2,0,0
37031,2,0,NA
37032,3,1,1e+07
37033,2,1,1e+07
37034,3,0,1e+07
37036,1,1,NA
37037,3,0,3e+07
37038,2,0,0
37039,1,0,1e+07
37041,2,0,0
37042,2,0,1e+07
37043,2,0,1e+07
37044,2,0,0
37046,1,0,0
37047,2,1,0
37048,3,2,1e+07
37049,5,0,2e+07
37051,2,0,2e+07
37052,3,0,1e+07
37053,2,0,0
37054,1,0,NA
37056,3,0,0
37057,2,0,0
37058,3,1,0
37059,3,0,1e+07
37061,2,0,1e+07
37062,2,1,2e+07
37063,1,3,1e+07
37064,2,0,0
37066,3,0,NA
37067,2,0,2e+07
37068,1,0,NA
37069,2,0,NA
37071,2,0,1e+07
37072,3,1,0
37073,3,3,1e+07
37074,2,2,1e+07
37076,2,3,1e+07
37077,4,0,1e+07
37078,2,3,1e+07
37079,3,0,NA
37081,2,0,2e+07
37082,2,0,0
37083,1,0,2e+07
37084,3,0,2e+07
37086,2,0,NA
37087,3,0,2e+07
37088,1,0,NA
37089,2,0,3e+07
37091,2,0,0
37092,2,0,NA
37093,1,0,1e+07
37094,1,0,1e+07
37096,4,0,1e+07
37097,3,0,5e+07
37098,3,1,0
37099,2,0,1e+07
37101,2,1,1e+07
37102,2,1,NA
37103,2,3,1e+07
37104,3,0,1e+07
37106,1,0,NA
37107,1,1,1e+07
37108,2,1,2e+07
37109,1,0,4e+07
37111,2,1,1e+07
37112,2,0,NA
37113,2,0,0
37114,2,0,2e+07
37116,2,0,NA
37117,2,1,NA
37118,1,0,NA
37119,3,2,1e+07
37121,1,0,5e+07
37122,3,1,2e+07
37123,1,0,1e+07
37124,2,3,1e+07
37126,2,2,0
37127,1,0,NA
37128,2,2,NA
37129,3,0,1e+07
37131,1,0,1e+07
37132,1,0,3e+07
37133,3,0,0
37134,1,1,0
37136,3,0,2e+07
37137,2,0,0
37138,2,0,2e+07
37139,3,1,1e+07
37141,1,0,0
37142,3,0,0
37143,2,0,2e+07
37144,2,3,3e+07
37146,3,0,1e+07
37147,1,0,1e+07
37148,1,3,5e+07
37149,3,0,2e+07
37151,3,0,1e+07
37152,1,0,NA
37153,2,0,NA
37154,1,0,NA
37156,2,0,0
37157,2,0,NA
37158,2,0,1e+07
37159,1,0,1e+07
37161,1,0,NA
37162,1,0,2e+07
37163,1,0,0
37164,2,3,2e+07
37166,1,0,0
37167,3,0,1e+07
37168,3,2,5e+07
37169,2,0,NA
37171,3,0,0
37172,3,2,NA
37173,1,0,1e+07
37174,1,1,0
37176,1,0,1e+07
37177,1,3,1e+07
37178,2,0,0
37179,1,3,0
37181,2,0,0
37182,1,3,1e+07
37183,2,1,3e+07
37184,1,0,NA
37186,1,0,1e+07
37187,1,0,NA
37188,1,1,0
37189,2,0,NA
37191,3,0,1e+07
37192,1,0,2e+07
37193,1,1,1e+07
37194,2,0,1e+07
37196,1,1,1e+07
37197,2,2,NA
37198,2,1,NA
37199,2,0,NA
37201,1,0,1e+07
37202,3,2,0
37203,2,1,NA
37204,1,0,1e+07
37206,2,3,0
37207,3,1,1e+07
37208,3,0,1e+07
37209,2,3,2e+07
37211,3,1,4e+07
37212,3,0,NA
37213,3,0,1e+07
37214,1,2,0
37216,3,2,1e+07
37217,3,0,1e+07
37218,2,0,NA
37219,2,0,1e+07
37221,2,1,1e+07
37222,2,0,1e+07
37223,2,0,0
37224,2,0,1e+07
37226,1,0,0
37227,1,0,2e+07
37228,1,3,2e+07
37229,2,0,NA
37231,2,0,1e+07
37232,1,0,1e+07
37233,1,0,1e+07
37234,2,0,1e+07
37236,1,3,1e+07
37237,1,0,5e+07
37238,3,3,1e+07
37239,1,0,1e+07
37241,3,1,NA
37242,3,0,1e+07
37243,2,0,1e+07
37244,1,0,2e+07
37246,1,0,NA
37247,2,3,1e+07
37248,2,0,NA
37249,2,3,1e+07
37251,2,3,0
37252,2,1,0
37253,2,0,1e+07
37254,2,0,0
37256,1,1,0
37257,3,0,1e+07
37258,3,0,1e+07
37259,2,0,1e+07
37261,2,0,3e+07
37262,2,0,1e+07
37263,2,0,0
37264,3,0,1e+07
37266,3,0,3e+07
37267,1,0,NA
37268,2,3,5e+07
37269,3,0,1e+07
37271,1,0,NA
37272,1,0,1e+07
37273,2,0,0
37274,1,0,2e+07
37276,2,0,2e+07
37277,3,0,5e+07
37278,2,0,1e+07
37279,3,0,2e+07
37281,2,3,3e+07
37282,3,0,NA
37283,2,0,1e+07
37284,2,0,1e+07
37286,1,0,2e+07
37287,2,0,NA
37288,3,0,1e+07
37289,2,1,1e+07
37291,2,0,NA
37292,2,0,1e+07
37293,3,0,NA
37294,3,2,4e+07
37296,1,2,1e+07
37297,1,2,1e+07
37298,3,0,5e+07
37299,3,3,1e+07
37301,3,0,1e+07
37302,1,0,1e+07
37303,3,3,5e+07
37304,2,0,1e+07
37306,2,0,0
37307,1,0,1e+07
37308,2,0,NA
37309,2,3,2e+07
37311,3,0,2e+07
37312,3,1,1e+07
37313,2,0,NA
37314,2,1,1e+07
37316,2,0,3e+07
37317,2,1,0
37318,2,0,1e+07
37319,2,0,0
37321,2,0,1e+07
37322,1,0,0
37323,1,0,1e+07
37324,1,3,1e+07
37326,3,0,1e+07
37327,2,0,1e+07
37328,1,0,2e+07
37329,2,0,1e+07
37331,2,0,0
37332,3,0,3e+07
37333,3,0,NA
37334,2,0,NA
37336,3,3,0
37337,2,0,1e+07
37338,2,0,NA
37339,3,0,0
37341,3,0,NA
37342,2,0,NA
37343,1,0,NA
37344,2,0,2e+07
37346,2,1,0
37347,1,0,NA
37348,2,0,1e+07
37349,2,0,1e+07
37351,3,0,1e+07
37352,1,3,5e+07
37353,2,0,1e+07
37354,2,3,1e+07
37356,3,0,NA
37357,3,0,NA
37358,3,0,1e+07
37359,1,0,1e+07
37361,1,3,5e+07
37362,1,0,NA
37363,2,0,2e+07
37364,2,1,0
37366,3,0,1e+07
37367,1,0,2e+07
37368,1,0,4e+07
37369,3,0,NA
37371,3,0,2e+07
37372,1,0,NA
37373,1,1,2e+07
37374,1,0,0
37376,2,2,0
37377,4,0,2e+07
37378,1,3,NA
37379,3,0,4e+07
37381,3,0,0
37382,3,0,NA
37383,2,0,0
37384,1,0,1e+07
37386,3,0,0
37387,2,0,NA
37388,2,0,1e+07
37389,2,0,1e+07
37391,1,0,NA
37392,1,0,1e+07
37393,1,0,0
37394,1,0,0
37396,2,3,3e+07
37397,1,0,0
37398,2,0,1e+07
37399,1,0,0
37401,1,0,NA
37402,2,2,NA
37403,2,1,NA
37404,2,0,0
37406,2,2,2e+07
37407,1,3,NA
37408,2,0,0
37409,1,0,0
37411,1,0,NA
37412,2,0,2e+07
37413,1,0,1e+07
37414,1,0,1e+07
37416,2,0,4e+07
37417,2,0,1e+07
37418,3,0,0
37419,2,0,1e+07
37421,2,0,1e+07
37422,1,0,0
37423,1,0,NA
37424,2,0,NA
37426,3,0,5e+07
37427,2,2,0
37428,3,1,2e+07
37429,2,0,2e+07
37431,2,0,NA
37432,1,0,4e+07
37433,2,1,NA
37434,3,0,2e+07
37436,2,0,0
37437,2,3,1e+07
37438,3,0,1e+07
37439,1,0,0
37441,2,0,0
37442,2,0,3e+07
37443,2,0,5e+07
37444,2,0,1e+07
37446,3,0,0
37447,1,0,1e+07
37448,2,0,NA
37449,1,0,1e+07
37451,3,0,0
37452,2,0,NA
37453,2,0,1e+07
37454,2,0,1e+07
37456,1,3,4e+07
37457,1,0,NA
37458,5,0,2e+07
37459,2,1,NA
37461,2,0,NA
37462,3,1,2e+07
37463,2,1,NA
37464,1,0,NA
37466,3,0,2e+07
37467,2,0,NA
37468,2,0,NA
37469,2,0,0
37471,1,0,1e+07
37472,3,3,NA
37473,3,0,0
37474,2,0,1e+07
37476,2,0,5e+07
37477,2,0,0
37478,1,0,1e+07
37479,2,0,1e+07
37481,2,0,2e+07
37482,1,3,0
37483,2,0,1e+07
37484,1,0,1e+07
37486,2,3,2e+07
37487,1,0,0
37488,3,0,NA
37489,2,0,0
37491,2,3,0
37492,1,0,0
37493,2,0,0
37494,2,0,0
37496,1,0,0
37497,3,0,0
37498,3,0,0
37499,2,2,0
37501,2,0,5e+07
37502,2,3,1e+07
37503,3,0,2e+07
37504,3,2,1e+07
37506,2,0,1e+07
37507,2,0,2e+07
37508,1,0,NA
37509,3,0,1e+07
37511,2,0,2e+07
37512,2,0,2e+07
37513,2,1,1e+07
37514,3,0,NA
37516,2,1,1e+07
37517,1,0,0
37518,3,0,NA
37519,2,0,1e+07
37521,2,2,NA
37522,2,0,NA
37523,2,3,2e+07
37524,3,0,1e+07
37526,3,3,0
37527,1,0,1e+07
37528,1,0,NA
37529,3,0,1e+07
37531,2,0,5e+07
37532,2,0,1e+07
37533,1,0,1e+07
37534,1,0,0
37536,2,0,0
37537,3,0,0
37538,2,0,NA
37539,2,0,2e+07
37541,1,0,NA
37542,2,1,0
37543,2,0,1e+07
37544,3,0,0
37546,3,0,1e+07
37547,2,2,1e+07
37548,2,0,0
37549,1,0,NA
37551,1,0,1e+07
37552,2,0,NA
37553,2,3,1e+07
37554,1,1,NA
37556,2,0,NA
37557,1,0,5e+07
37558,2,1,1e+07
37559,2,0,0
37561,2,3,3e+07
37562,3,0,1e+07
37563,1,0,NA
37564,3,0,NA
37566,1,2,NA
37567,2,3,5e+07
37568,1,3,1e+07
37569,2,0,0
37571,2,0,NA
37572,2,0,1e+07
37573,2,1,1e+07
37574,2,0,2e+07
37576,2,1,2e+07
37577,1,1,NA
37578,2,0,5e+07
37579,2,1,3e+07
37581,1,1,0
37582,2,0,1e+07
37583,2,1,1e+07
37584,1,3,1e+07
37586,1,1,0
37587,2,0,2e+07
37588,1,0,1e+07
37589,2,3,1e+07
37591,2,0,3e+07
37592,1,0,NA
37593,1,0,1e+07
37594,2,0,1e+07
37596,1,0,2e+07
37597,2,1,1e+07
37598,2,0,1e+07
37599,2,0,5e+07
37601,1,0,1e+07
37602,1,0,NA
37603,1,1,NA
37604,2,0,1e+07
37606,2,0,0
37607,1,0,1e+07
37608,2,2,0
37609,2,0,NA
37611,2,1,0
37612,2,0,2e+07
37613,2,0,1e+07
37614,2,0,3e+07
37616,1,0,NA
37617,3,0,1e+07
37618,2,0,0
37619,3,2,2e+07
37621,1,1,2e+07
37622,1,1,2e+07
37623,3,0,NA
37624,2,0,4e+07
37626,3,0,NA
37627,1,0,0
37628,2,0,0
37629,1,3,1e+07
37631,2,0,0
37632,2,0,0
37633,2,1,0
37634,2,1,1e+07
37636,2,0,1e+07
37637,1,2,1e+07
37638,2,0,0
37639,2,0,4e+07
37641,2,0,1e+07
37642,2,0,NA
37643,2,2,1e+07
37644,2,0,2e+07
37646,1,0,2e+07
37647,3,0,5e+07
37648,3,0,2e+07
37649,2,0,0
37651,1,1,5e+07
37652,2,0,NA
37653,1,3,1e+07
37654,2,0,1e+07
37656,4,0,5e+07
37657,2,0,NA
37658,1,3,1e+07
37659,2,0,0
37661,2,0,NA
37662,3,1,1e+07
37663,1,0,1e+07
37664,2,0,1e+07
37666,2,0,0
37667,3,0,NA
37668,1,0,1e+07
37669,2,0,1e+07
37671,1,1,0
37672,2,0,3e+07
37673,3,0,NA
37674,2,0,1e+07
37676,2,0,1e+07
37677,1,3,2e+07
37678,2,0,0
37679,2,2,2e+07
37681,3,0,0
37682,2,0,NA
37683,2,0,5e+07
37684,1,1,NA
37686,2,0,NA
37687,2,0,2e+07
37688,2,0,NA
37689,2,0,NA
37691,2,2,1e+07
37692,4,0,2e+07
37693,1,0,1e+07
37694,2,0,0
37696,2,0,1e+07
37697,3,0,1e+07
37698,3,0,NA
37699,1,0,0
37701,1,0,0
37702,1,0,NA
37703,2,0,NA
37704,1,3,0
37706,1,0,NA
37707,1,0,1e+07
37708,2,0,1e+07
37709,1,2,1e+07
37711,1,0,NA
37712,2,2,0
37713,2,2,1e+07
37714,3,0,0
37716,2,0,0
37717,1,0,NA
37718,1,0,0
37719,3,1,NA
37721,3,1,2e+07
37722,2,3,1e+07
37723,2,0,0
37724,2,0,1e+07
37726,2,0,1e+07
37727,3,0,0
37728,1,2,0
37729,1,0,NA
37731,2,0,0
37732,3,0,3e+07
37733,3,0,NA
37734,4,0,0
37736,2,0,NA
37737,2,3,0
37738,1,2,0
37739,1,0,1e+07
37741,1,0,4e+07
37742,1,0,NA
37743,2,0,NA
37744,2,0,NA
37746,3,0,NA
37747,1,0,NA
37748,3,2,NA
37749,2,0,0
37751,3,0,0
37752,3,0,1e+07
37753,2,0,1e+07
37754,2,0,0
37756,1,0,0
37757,2,0,1e+07
37758,3,0,0
37759,1,0,NA
37761,3,0,1e+07
37762,2,1,1e+07
37763,1,3,3e+07
37764,2,3,NA
37766,1,0,NA
37767,2,0,NA
37768,2,3,1e+07
37769,2,1,2e+07
37771,2,1,NA
37772,2,0,1e+07
37773,2,0,NA
37774,3,0,2e+07
37776,1,0,2e+07
37777,2,0,NA
37778,2,0,NA
37779,3,0,NA
37781,2,0,1e+07
37782,1,0,NA
37783,1,0,0
37784,1,0,NA
37786,2,0,0
37787,2,0,1e+07
37788,3,0,1e+07
37789,1,0,1e+07
37791,2,0,1e+07
37792,2,0,NA
37793,2,0,NA
37794,2,0,1e+07
37796,1,0,1e+07
37797,1,0,1e+07
37798,1,1,0
37799,3,0,1e+07
37801,3,0,0
37802,1,0,5e+07
37803,1,0,NA
37804,3,2,1e+07
37806,1,0,0
37807,2,0,1e+07
37808,2,0,1e+07
37809,1,0,1e+07
37811,2,0,1e+07
37812,1,1,1e+07
37813,2,1,1e+07
37814,2,0,0
37816,2,1,3e+07
37817,1,0,0
37818,1,0,1e+07
37819,2,0,0
37821,2,0,1e+07
37822,2,0,1e+07
37823,2,1,3e+07
37824,2,0,2e+07
37826,2,0,2e+07
37827,1,0,NA
37828,2,3,NA
37829,1,0,1e+07
37831,3,0,0
37832,1,1,1e+07
37833,2,0,2e+07
37834,2,2,4e+07
37836,2,1,1e+07
37837,2,0,1e+07
37838,2,0,1e+07
37839,2,0,NA
37841,1,0,2e+07
37842,2,2,0
37843,2,0,0
37844,2,0,1e+07
37846,2,0,1e+07
37847,1,0,1e+07
37848,2,0,1e+07
37849,2,0,1e+07
37851,2,0,NA
37852,2,0,1e+07
37853,2,0,NA
37854,2,0,0
37856,3,0,NA
37857,2,0,1e+07
37858,2,0,1e+07
37859,3,0,0
37861,2,0,1e+07
37862,1,0,2e+07
37863,1,0,1e+07
37864,2,3,0
37866,1,0,1e+07
37867,2,3,2e+07
37868,2,1,NA
37869,2,2,NA
37871,1,1,2e+07
37872,2,0,NA
37873,2,0,2e+07
37874,1,1,1e+07
37876,2,0,1e+07
37877,2,0,NA
37878,2,0,1e+07
37879,1,0,NA
37881,2,1,1e+07
37882,2,0,2e+07
37883,2,0,1e+07
37884,2,0,0
37886,1,0,1e+07
37887,2,0,0
37888,2,0,0
37889,2,0,NA
37891,2,1,NA
37892,2,0,0
37893,2,3,NA
37894,2,0,NA
37896,2,0,NA
37897,3,0,NA
37898,1,2,2e+07
37899,3,0,1e+07
37901,2,0,1e+07
37902,2,1,NA
37903,2,0,NA
37904,2,1,1e+07
37906,2,0,1e+07
37907,2,0,NA
37908,1,0,1e+07
37909,2,0,1e+07
37911,1,0,NA
37912,2,1,0
37913,2,0,NA
37914,2,0,2e+07
37916,2,0,0
37917,2,0,NA
37918,1,0,NA
37919,2,0,1e+07
37921,1,0,NA
37922,1,0,NA
37923,2,0,NA
37924,2,1,NA
37926,3,0,NA
37927,2,0,0
37928,3,0,2e+07
37929,1,0,NA
37931,2,0,NA
37932,3,0,0
37933,2,0,1e+07
37934,2,0,1e+07
37936,3,0,1e+07
37937,3,0,NA
37938,2,0,NA
37939,1,0,1e+07
37941,1,0,NA
37942,2,0,NA
37943,1,0,0
37944,3,0,1e+07
37946,2,0,1e+07
37947,1,0,NA
37948,2,0,2e+07
37949,1,0,0
37951,2,2,1e+07
37952,1,0,NA
37953,2,1,NA
37954,1,0,0
37956,2,0,1e+07
37957,1,0,2e+07
37958,2,0,NA
37959,1,1,1e+07
37961,2,0,3e+07
37962,2,2,1e+07
37963,1,0,NA
37964,3,1,3e+07
37966,3,0,1e+07
37967,2,1,1e+07
37968,3,0,2e+07
37969,2,0,1e+07
37971,1,0,NA
37972,1,0,NA
37973,2,0,NA
37974,3,1,2e+07
37976,3,0,2e+07
37977,2,0,0
37978,2,0,0
37979,1,0,NA
37981,3,0,1e+07
37982,3,0,1e+07
37983,2,1,2e+07
37984,3,0,1e+07
37986,2,1,1e+07
37987,2,0,1e+07
37988,2,0,1e+07
37989,2,0,2e+07
37991,3,0,2e+07
37992,1,0,1e+07
37993,2,3,1e+07
37994,2,0,2e+07
37996,2,0,0
37997,3,0,1e+07
37998,1,3,NA
37999,1,0,NA
38001,2,1,1e+07
38002,2,1,1e+07
38003,1,0,1e+07
38004,2,3,NA
38006,2,0,1e+07
38007,2,0,1e+07
38008,2,0,1e+07
38009,1,0,2e+07
38011,2,0,1e+07
38012,1,0,2e+07
38013,2,0,NA
38014,2,0,3e+07
38016,1,0,NA
38017,2,0,1e+07
38018,1,0,1e+07
38019,1,0,NA
38021,1,0,1e+07
38022,2,3,1e+07
38023,1,2,0
38024,2,3,0
38026,2,0,1e+07
38027,2,0,NA
38028,3,0,NA
38029,3,0,0
38031,1,0,1e+07
38032,2,0,NA
38033,2,0,0
38034,2,0,1e+07
38036,1,0,NA
38037,3,0,0
38038,1,1,5e+07
38039,2,1,0
38041,1,0,0
38042,2,0,0
38043,2,0,1e+07
38044,3,0,2e+07
38046,2,0,1e+07
38047,1,0,1e+07
38048,2,0,1e+07
38049,2,0,NA
38051,2,3,5e+07
38052,1,0,0
38053,1,0,0
38054,2,0,1e+07
38056,1,0,NA
38057,2,3,2e+07
38058,1,0,1e+07
38059,1,1,1e+07
38061,2,0,1e+07
38062,2,0,5e+07
38063,1,0,5e+07
38064,1,0,1e+07
38066,2,0,0
38067,1,3,1e+07
38068,2,0,5e+07
38069,1,0,0
38071,2,0,NA
38072,3,0,NA
38073,2,0,2e+07
38074,2,0,5e+07
38076,1,0,NA
38077,2,0,1e+07
38078,2,0,2e+07
38079,1,0,1e+07
38081,2,0,1e+07
38082,2,0,NA
38083,1,0,NA
38084,2,0,2e+07
38086,3,0,NA
38087,2,0,0
38088,2,0,NA
38089,2,0,5e+07
38091,3,0,NA
38092,2,0,2e+07
38093,2,0,NA
38094,3,0,2e+07
38096,4,0,0
38097,2,0,0
38098,2,0,0
38099,2,0,NA
38101,2,0,1e+07
38102,1,0,1e+07
38103,1,0,1e+07
38104,1,0,1e+07
38106,1,0,1e+07
38107,3,0,2e+07
38108,1,0,NA
38109,2,0,NA
38111,2,0,1e+07
38112,2,0,NA
38113,2,0,5e+07
38114,3,1,NA
38116,1,0,NA
38117,3,2,1e+07
38118,1,0,0
38119,1,0,1e+07
38121,2,0,NA
38122,2,1,0
38123,3,3,1e+07
38124,1,0,NA
38126,3,1,1e+07
38127,1,0,NA
38128,2,0,0
38129,2,0,2e+07
38131,3,0,NA
38132,3,0,0
38133,2,0,1e+07
38134,2,0,0
38136,2,0,NA
38137,2,0,1e+07
38138,2,1,2e+07
38139,1,0,5e+07
38141,2,0,1e+07
38142,3,0,0
38143,2,0,NA
38144,1,0,NA
38146,2,0,0
38147,2,0,0
38148,2,0,0
38149,1,0,NA
38151,2,0,1e+07
38152,3,0,3e+07
38153,1,0,1e+07
38154,3,0,1e+07
38156,3,0,0
38157,2,0,1e+07
38158,2,0,0
38159,1,0,2e+07
38161,2,0,5e+07
38162,2,0,1e+07
38163,2,0,NA
38164,2,0,5e+07
38166,2,0,0
38167,2,0,0
38168,1,0,1e+07
38169,1,3,0
38171,2,2,NA
38172,2,0,0
38173,2,0,2e+07
38174,2,1,2e+07
38176,2,0,0
38177,2,0,1e+07
38178,1,0,NA
38179,1,0,NA
38181,3,0,2e+07
38182,2,0,NA
38183,3,0,NA
38184,2,0,NA
38186,3,0,1e+07
38187,1,1,0
38188,2,3,2e+07
38189,2,0,2e+07
38191,3,0,1e+07
38192,2,0,NA
38193,3,1,0
38194,3,0,3e+07
38196,2,0,0
38197,2,0,1e+07
38198,1,0,0
38199,3,3,5e+07
38201,2,0,NA
38202,2,0,NA
38203,2,0,0
38204,2,1,NA
38206,1,0,NA
38207,2,0,NA
38208,2,3,NA
38209,1,0,1e+07
38211,1,0,1e+07
38212,2,1,0
38213,2,0,1e+07
38214,2,0,NA
38216,3,0,NA
38217,2,0,1e+07
38218,2,3,1e+07
38219,2,1,NA
38221,1,1,1e+07
38222,3,1,0
38223,2,0,0
38224,2,3,1e+07
38226,2,0,1e+07
38227,2,0,4e+07
38228,2,0,3e+07
38229,2,0,NA
38231,2,0,4e+07
38232,2,1,1e+07
38233,1,0,NA
38234,2,0,NA
38236,2,0,1e+07
38237,2,0,0
38238,2,0,0
38239,2,0,NA
38241,4,0,3e+07
38242,3,2,2e+07
38243,2,0,2e+07
38244,2,0,NA
38246,1,0,0
38247,3,0,0
38248,3,0,0
38249,2,1,1e+07
38251,2,0,NA
38252,1,0,2e+07
38253,2,0,NA
38254,2,0,NA
38256,2,0,1e+07
38257,2,0,NA
38258,3,0,0
38259,2,0,NA
38261,3,1,1e+07
38262,2,1,0
38263,2,2,2e+07
38264,2,0,NA
38266,1,3,5e+07
38267,2,2,0
38268,1,0,1e+07
38269,1,2,0
38271,2,0,1e+07
38272,2,0,NA
38273,1,0,1e+07
38274,2,0,1e+07
38276,2,0,1e+07
38277,2,0,1e+07
38278,2,0,1e+07
38279,2,0,NA
38281,2,0,0
38282,2,0,0
38283,2,1,1e+07
38284,2,0,5e+07
38286,1,0,1e+07
38287,2,0,NA
38288,1,0,1e+07
38289,3,0,1e+07
38291,2,0,3e+07
38292,2,0,2e+07
38293,1,3,1e+07
38294,1,0,NA
38296,2,0,NA
38297,1,0,NA
38298,2,0,0
38299,3,0,1e+07
38301,2,0,1e+07
38302,1,0,0
38303,2,0,NA
38304,3,0,0
38306,1,0,NA
38307,2,0,NA
38308,2,3,0
38309,2,0,0
38311,2,2,0
38312,1,0,0
38313,2,0,5e+07
38314,1,0,2e+07
38316,2,1,2e+07
38317,1,0,1e+07
38318,2,1,1e+07
38319,2,0,3e+07
38321,2,0,NA
38322,1,0,1e+07
38323,2,0,NA
38324,3,1,NA
38326,1,0,NA
38327,2,0,0
38328,2,0,5e+07
38329,2,0,NA
38331,2,3,0
38332,2,3,2e+07
38333,2,0,2e+07
38334,1,1,2e+07
38336,2,0,NA
38337,2,0,4e+07
38338,1,0,1e+07
38339,2,0,1e+07
38341,1,3,3e+07
38342,1,2,1e+07
38343,2,2,0
38344,2,0,NA
38346,1,1,NA
38347,2,0,0
38348,2,0,1e+07
38349,2,0,NA
38351,2,3,1e+07
38352,1,0,NA
38353,1,0,NA
38354,2,1,NA
38356,3,0,1e+07
38357,2,0,1e+07
38358,2,0,1e+07
38359,2,0,1e+07
38361,2,2,1e+07
38362,2,0,1e+07
38363,1,0,1e+07
38364,2,3,1e+07
38366,2,1,1e+07
38367,3,0,NA
38368,2,0,1e+07
38369,2,0,1e+07
38371,1,2,0
38372,2,2,1e+07
38373,1,0,NA
38374,2,0,3e+07
38376,2,0,2e+07
38377,2,0,NA
38378,2,0,0
38379,3,0,1e+07
38381,2,0,NA
38382,2,0,5e+07
38383,2,0,1e+07
38384,2,0,1e+07
38386,2,0,1e+07
38387,1,0,3e+07
38388,2,0,2e+07
38389,1,0,NA
38391,1,0,2e+07
38392,3,0,1e+07
38393,2,0,2e+07
38394,1,0,2e+07
38396,2,0,1e+07
38397,2,0,1e+07
38398,4,0,2e+07
38399,2,2,1e+07
38401,2,0,1e+07
38402,3,0,NA
38403,1,0,0
38404,2,0,2e+07
38406,1,0,NA
38407,3,0,0
38408,2,0,0
38409,2,3,1e+07
38411,2,0,0
38412,1,0,1e+07
38413,1,0,NA
38414,3,0,NA
38416,1,0,NA
38417,1,1,NA
38418,1,3,1e+07
38419,1,1,2e+07
38421,3,0,1e+07
38422,2,0,1e+07
38423,2,0,1e+07
38424,3,0,NA
38426,1,0,NA
38427,3,0,1e+07
38428,2,0,NA
38429,1,1,4e+07
38431,1,0,0
38432,3,0,2e+07
38433,1,1,NA
38434,1,2,NA
38436,2,0,1e+07
38437,2,1,1e+07
38438,1,3,1e+07
38439,1,0,NA
38441,1,0,1e+07
38442,2,0,3e+07
38443,1,3,1e+07
38444,1,0,0
38446,1,0,NA
38447,1,0,0
38448,1,1,1e+07
38449,1,1,1e+07
38451,1,0,NA
38452,2,0,NA
38453,1,1,1e+07
38454,1,1,NA
38456,2,0,0
38457,2,0,1e+07
38458,1,0,NA
38459,2,1,1e+07
38461,1,0,NA
38462,3,0,0
38463,1,1,0
38464,2,0,NA
38466,2,0,NA
38467,2,2,0
38468,2,1,1e+07
38469,3,0,NA
38471,1,0,1e+07
38472,2,2,1e+07
38473,2,0,NA
38474,2,0,NA
38476,2,0,NA
38477,2,1,4e+07
38478,2,1,NA
38479,1,0,4e+07
38481,2,0,1e+07
38482,2,0,2e+07
38483,2,0,NA
38484,2,0,NA
38486,1,0,NA
38487,2,0,NA
38488,2,0,1e+07
38489,1,0,0
38491,2,0,1e+07
38492,2,0,NA
38493,2,0,0
38494,2,0,3e+07
38496,2,0,NA
38497,2,1,NA
38498,2,0,NA
38499,3,0,NA
38501,2,3,1e+07
38502,1,3,1e+07
38503,2,0,NA
38504,3,0,0
38506,2,0,1e+07
38507,2,0,NA
38508,2,0,1e+07
38509,1,0,2e+07
38511,2,0,2e+07
38512,3,0,2e+07
38513,3,0,NA
38514,2,0,1e+07
38516,2,0,NA
38517,2,0,0
38518,3,0,1e+07
38519,2,0,3e+07
38521,2,0,1e+07
38522,1,0,0
38523,2,1,0
38524,2,0,1e+07
38526,2,0,1e+07
38527,2,1,NA
38528,1,0,NA
38529,2,0,5e+07
38531,2,0,NA
38532,2,0,1e+07
38533,1,3,0
38534,1,0,NA
38536,2,0,NA
38537,1,3,3e+07
38538,2,0,0
38539,2,0,1e+07
38541,2,0,1e+07
38542,2,2,NA
38543,2,0,NA
38544,2,0,2e+07
38546,1,0,NA
38547,2,0,NA
38548,2,1,1e+07
38549,2,0,1e+07
38551,1,0,1e+07
38552,1,0,5e+07
38553,2,0,0
38554,2,3,0
38556,2,0,NA
38557,2,3,1e+07
38558,2,2,5e+07
38559,1,0,NA
38561,2,0,1e+07
38562,3,0,0
38563,2,0,1e+07
38564,1,1,NA
38566,2,0,0
38567,2,1,1e+07
38568,2,0,1e+07
38569,2,2,1e+07
38571,2,0,1e+07
38572,1,3,1e+07
38573,2,0,2e+07
38574,2,0,1e+07
38576,2,0,3e+07
38577,2,0,NA
38578,2,1,0
38579,1,0,1e+07
38581,2,0,1e+07
38582,2,0,0
38583,1,0,NA
38584,3,0,NA
38586,1,0,NA
38587,2,3,2e+07
38588,2,0,0
38589,1,0,1e+07
38591,2,0,1e+07
38592,2,0,1e+07
38593,2,1,NA
38594,2,0,NA
38596,2,0,1e+07
38597,2,0,1e+07
38598,1,0,NA
38599,2,0,1e+07
38601,1,0,1e+07
38602,2,0,NA
38603,3,0,NA
38604,2,0,0
38606,1,0,NA
38607,1,3,0
38608,2,2,NA
38609,3,1,0
38611,3,0,NA
38612,2,0,0
38613,2,0,1e+07
38614,2,3,1e+07
38616,2,0,NA
38617,2,0,1e+07
38618,2,0,NA
38619,2,3,5e+07
38621,2,0,1e+07
38622,2,0,0
38623,2,0,1e+07
38624,1,3,1e+07
38626,2,0,1e+07
38627,2,0,0
38628,3,0,2e+07
38629,2,0,1e+07
38631,2,2,NA
38632,2,0,2e+07
38633,2,0,1e+07
38634,1,2,1e+07
38636,2,0,5e+07
38637,1,0,NA
38638,2,0,1e+07
38639,2,0,NA
38641,3,0,0
38642,1,0,NA
38643,1,0,0
38644,2,0,NA
38646,1,0,NA
38647,2,0,NA
38648,1,0,NA
38649,1,0,NA
38651,2,0,2e+07
38652,2,0,NA
38653,3,0,2e+07
38654,1,0,1e+07
38656,2,0,NA
38657,2,0,2e+07
38658,1,0,NA
38659,1,0,NA
38661,1,0,NA
38662,2,1,1e+07
38663,1,0,1e+07
38664,2,1,0
38666,2,0,1e+07
38667,2,0,1e+07
38668,1,0,1e+07
38669,2,0,1e+07
38671,1,0,1e+07
38672,2,0,1e+07
38673,3,1,0
38674,2,1,0
38676,1,0,NA
38677,2,3,1e+07
38678,2,0,1e+07
38679,2,0,0
38681,2,0,1e+07
38682,2,0,0
38683,2,0,0
38684,2,0,0
38686,2,3,0
38687,2,0,0
38688,1,0,1e+07
38689,2,0,NA
38691,2,1,0
38692,1,0,1e+07
38693,2,0,0
38694,2,3,1e+07
38696,1,1,0
38697,2,0,1e+07
38698,2,0,0
38699,2,0,NA
38701,2,0,NA
38702,1,0,0
38703,3,0,1e+07
38704,1,0,2e+07
38706,2,0,4e+07
38707,2,0,1e+07
38708,2,0,1e+07
38709,1,3,1e+07
38711,2,0,1e+07
38712,2,0,1e+07
38713,2,0,0
38714,1,0,NA
38716,1,0,NA
38717,1,3,1e+07
38718,2,0,0
38719,2,3,4e+07
38721,2,0,2e+07
38722,1,1,NA
38723,1,0,1e+07
38724,1,3,1e+07
38726,2,0,3e+07
38727,1,2,5e+07
38728,2,1,1e+07
38729,2,0,1e+07
38731,2,0,2e+07
38732,2,1,0
38733,2,0,0
38734,2,2,1e+07
38736,2,0,NA
38737,2,0,1e+07
38738,1,0,0
38739,2,0,5e+07
38741,2,1,5e+07
38742,2,0,NA
38743,2,2,1e+07
38744,2,0,NA
38746,2,0,NA
38747,2,0,4e+07
38748,2,2,4e+07
38749,2,0,2e+07
38751,1,0,NA
38752,2,0,NA
38753,2,0,5e+07
38754,2,1,NA
38756,1,0,0
38757,1,2,4e+07
38758,2,0,1e+07
38759,2,0,NA
38761,1,0,5e+07
38762,1,0,NA
38763,2,0,NA
38764,1,0,2e+07
38766,2,0,NA
38767,1,0,NA
38768,1,0,0
38769,2,0,1e+07
38771,1,0,NA
38772,1,0,2e+07
38773,2,1,NA
38774,2,0,0
38776,2,0,0
38777,2,1,NA
38778,2,0,1e+07
38779,1,0,NA
38781,2,0,1e+07
38782,1,0,NA
38783,2,0,NA
38784,2,0,NA
38786,2,1,2e+07
38787,2,0,0
38788,1,2,0
38789,2,0,0
38791,2,0,2e+07
38792,1,1,1e+07
38793,2,0,0
38794,2,0,NA
38796,1,0,2e+07
38797,1,0,NA
38798,2,0,1e+07
38799,2,0,1e+07
38801,2,0,2e+07
38802,2,0,NA
38803,2,2,0
38804,2,0,3e+07
38806,2,0,3e+07
38807,2,1,0
38808,2,3,1e+07
38809,1,0,1e+07
38811,2,0,0
38812,2,2,0
38813,1,0,NA
38814,1,0,0
38816,2,1,0
38817,2,0,NA
38818,2,0,1e+07
38819,2,0,1e+07
38821,2,0,NA
38822,2,0,2e+07
38823,2,0,1e+07
38824,2,0,0
38826,2,0,1e+07
38827,2,0,NA
38828,2,0,4e+07
38829,2,0,NA
38831,3,0,0
38832,1,0,1e+07
38833,2,0,1e+07
38834,2,3,0
38836,2,0,NA
38837,2,0,NA
38838,2,0,NA
38839,1,0,0
38841,2,1,2e+07
38842,2,0,1e+07
38843,2,0,5e+07
38844,1,0,NA
38846,1,0,1e+07
38847,2,0,3e+07
38848,2,1,0
38849,3,1,5e+07
38851,2,2,0
38852,2,0,1e+07
38853,1,0,1e+07
38854,2,0,2e+07
38856,2,0,1e+07
38857,3,0,1e+07
38858,1,1,1e+07
38859,3,0,NA
38861,2,3,1e+07
38862,2,0,1e+07
38863,2,0,0
38864,2,0,1e+07
38866,2,1,1e+07
38867,2,1,0
38868,1,0,1e+07
38869,2,1,0
38871,2,0,NA
38872,1,1,2e+07
38873,2,1,1e+07
38874,2,1,1e+07
38876,3,0,0
38877,2,1,NA
38878,2,1,0
38879,1,0,NA
38881,2,0,0
38882,2,0,4e+07
38883,2,0,1e+07
38884,2,0,1e+07
38886,1,0,NA
38887,3,0,2e+07
38888,2,1,1e+07
38889,2,0,0
38891,1,0,NA
38892,1,0,1e+07
38893,2,0,0
38894,1,1,0
38896,1,0,NA
38897,1,0,NA
38898,3,0,0
38899,3,1,1e+07
38901,3,0,NA
38902,1,0,NA
38903,1,0,1e+07
38904,1,0,NA
38906,1,0,1e+07
38907,2,0,NA
38908,2,0,1e+07
38909,3,1,1e+07
38911,2,0,NA
38912,2,0,NA
38913,1,0,NA
38914,2,0,3e+07
38916,1,0,0
38917,2,3,2e+07
38918,2,0,2e+07
38919,2,0,NA
38921,1,3,5e+07
38922,2,3,1e+07
38923,2,1,1e+07
38924,1,0,NA
38926,1,0,NA
38927,3,0,NA
38928,1,0,NA
38929,1,0,NA
38931,1,0,NA
38932,2,0,1e+07
38933,1,1,0
38934,1,0,NA
38936,2,2,0
38937,1,0,NA
38938,1,0,0
38939,1,0,NA
38941,1,0,1e+07
38942,2,0,2e+07
38943,1,1,NA
38944,2,1,2e+07
38946,2,0,1e+07
38947,1,0,NA
38948,2,0,NA
38949,1,0,NA
38951,2,0,0
38952,1,0,0
38953,2,3,2e+07
38954,2,2,5e+07
38956,3,2,1e+07
38957,2,0,0
38958,2,0,1e+07
38959,2,0,NA
38961,2,0,1e+07
38962,2,0,4e+07
38963,3,0,NA
38964,2,0,3e+07
38966,1,0,1e+07
38967,1,0,NA
38968,1,0,NA
38969,2,0,2e+07
38971,2,3,2e+07
38972,2,0,1e+07
38973,1,0,NA
38974,1,0,0
38976,1,0,2e+07
38977,1,0,1e+07
38978,1,0,NA
38979,2,0,1e+07
38981,1,2,2e+07
38982,2,0,1e+07
38983,1,0,NA
38984,1,0,NA
38986,2,0,0
38987,2,0,0
38988,2,0,0
38989,1,0,1e+07
38991,1,0,0
38992,1,0,2e+07
38993,2,0,1e+07
38994,2,0,0
38996,2,0,2e+07
38997,2,1,1e+07
38998,1,0,2e+07
38999,1,0,NA
39001,1,0,NA
39002,2,0,1e+07
39003,2,0,2e+07
39004,1,0,1e+07
39006,1,0,1e+07
39007,1,0,NA
39008,1,2,2e+07
39009,1,0,NA
39011,2,1,0
39012,1,0,NA
39013,1,0,1e+07
39014,1,1,NA
39016,1,0,1e+07
39017,2,0,1e+07
39018,1,0,0
39019,1,0,0
39021,2,0,NA
39022,1,0,NA
39023,2,1,5e+07
39024,2,0,1e+07
39026,2,0,NA
39027,1,0,NA
39028,2,0,1e+07
39029,2,0,1e+07
39031,2,0,0
39032,1,0,0
39033,2,3,5e+07
39034,1,0,1e+07
39036,1,0,NA
39037,2,0,2e+07
39038,3,0,NA
39039,2,3,0
39041,1,0,0
39042,2,0,0
39043,1,0,0
39044,1,0,NA
39046,1,0,NA
39047,2,0,1e+07
39048,1,0,NA
39049,2,0,1e+07
39051,1,0,NA
39052,2,0,1e+07
39053,1,0,0
39054,2,0,0
39056,1,1,0
39057,2,1,0
39058,1,0,NA
39059,1,0,NA
39061,2,0,NA
39062,1,0,NA
39063,1,0,NA
39064,2,0,1e+07
39066,2,0,1e+07
39067,2,1,1e+07
39068,2,0,NA
39069,1,0,NA
39071,2,0,1e+07
39072,2,0,4e+07
39073,1,0,NA
39074,1,0,NA
39076,2,0,1e+07
39077,2,0,0
39078,1,0,NA
39079,1,0,1e+07
39081,1,0,1e+07
39082,1,0,NA
39083,2,3,1e+07
39084,2,0,2e+07
39086,1,0,NA
39087,1,0,1e+07
39088,1,0,0
39089,2,0,NA
39091,1,0,0
39092,1,0,1e+07
39093,1,2,2e+07
39094,1,0,1e+07
39096,2,0,2e+07
39097,2,0,5e+07
39098,2,0,0
39099,2,0,1e+07
39101,1,0,1e+07
39102,2,0,4e+07
39103,1,0,1e+07
39104,2,0,1e+07
39106,2,0,0
39107,1,0,1e+07
39108,1,0,NA
39109,1,3,1e+07
39111,1,0,NA
39112,2,3,1e+07
39113,2,0,NA
39114,2,1,2e+07
39116,1,0,NA
39117,2,0,0
39118,2,1,1e+07
39119,2,0,1e+07
39121,2,0,4e+07
39122,2,0,0
39123,1,0,0
39124,2,2,1e+07
39126,1,0,NA
39127,1,0,NA
39128,1,0,3e+07
39129,1,0,NA
39131,1,0,2e+07
39132,2,0,NA
39133,1,0,2e+07
39134,1,0,0
39136,1,2,1e+07
39137,1,0,NA
39138,1,1,NA
39139,2,2,1e+07
39141,1,0,1e+07
39142,2,0,2e+07
39143,2,0,0
39144,2,2,1e+07
39146,1,0,2e+07
39147,1,2,1e+07
39148,1,0,NA
39149,1,0,NA
39151,2,0,0
39152,1,0,0
39153,2,0,1e+07
39154,1,0,NA
39156,2,0,0
39157,1,0,2e+07
39158,1,0,0
39159,2,0,1e+07
39161,1,0,NA
39162,2,0,1e+07
39163,1,1,1e+07
39164,1,0,1e+07
39166,1,0,1e+07
39167,2,0,1e+07
39168,1,0,1e+07
39169,2,0,1e+07
39171,2,0,1e+07
39172,2,0,NA
39173,1,0,NA
39174,1,0,5e+07
39176,1,0,1e+07
39177,1,0,NA
39178,1,0,NA
39179,2,0,1e+07
39181,2,0,2e+07
39182,2,0,2e+07
39183,2,0,NA
39184,2,0,1e+07
39186,2,0,0
39187,2,0,NA
39188,1,0,1e+07
39189,2,2,1e+07
39191,2,0,NA
39192,2,0,NA
39193,2,0,0
39194,3,0,NA
39196,2,0,NA
39197,2,0,0
39198,2,1,NA
39199,2,0,NA
39201,3,0,NA
39202,1,0,0
39203,2,0,4e+07
39204,1,0,NA
39206,3,0,0
39207,2,0,1e+07
39208,2,1,2e+07
39209,3,2,0
39211,1,0,NA
39212,1,0,0
39213,1,0,0
39214,2,0,1e+07
39216,2,0,NA
39217,2,0,NA
39218,1,0,0
39219,2,0,NA
39221,2,0,1e+07
39222,3,3,1e+07
39223,2,0,5e+07
39224,2,0,NA
39226,2,0,1e+07
39227,2,1,5e+07
39228,2,0,1e+07
39229,2,2,NA
39231,2,0,0
39232,1,0,NA
39233,1,0,0
39234,1,0,NA
39236,2,0,1e+07
39237,2,0,1e+07
39238,3,0,3e+07
39239,2,0,NA
39241,1,0,NA
39242,2,2,2e+07
39243,2,0,2e+07
39244,2,0,5e+07
39246,2,0,1e+07
39247,2,0,1e+07
39248,2,0,NA
39249,1,0,NA
39251,1,0,1e+07
39252,2,0,2e+07
39253,2,2,0
39254,2,0,NA
39256,2,0,1e+07
39257,1,0,1e+07
39258,2,0,1e+07
39259,1,0,1e+07
39261,1,0,2e+07
39262,2,0,1e+07
39263,1,0,2e+07
39264,1,0,0
39266,2,0,NA
39267,1,0,0
39268,2,0,1e+07
39269,2,0,0
39271,2,0,NA
39272,2,1,NA
39273,1,0,2e+07
39274,1,0,NA
39276,2,0,1e+07
39277,1,1,1e+07
39278,2,3,1e+07
39279,2,2,2e+07
39281,3,0,NA
39282,3,0,1e+07
39283,1,0,1e+07
39284,3,0,NA
39286,2,0,1e+07
39287,3,0,1e+07
39288,1,0,1e+07
39289,3,0,NA
39291,1,1,NA
39292,1,0,1e+07
39293,1,1,1e+07
39294,2,0,1e+07
39296,2,0,0
39297,2,0,1e+07
39298,2,0,NA
39299,2,0,0
39301,1,1,NA
39302,2,0,1e+07
39303,2,0,1e+07
39304,1,1,NA
39306,1,3,1e+07
39307,1,0,NA
39308,1,0,3e+07
39309,2,1,1e+07
39311,1,0,NA
39312,2,0,2e+07
39313,2,0,0
39314,2,0,1e+07
39316,1,0,2e+07
39317,1,0,0
39318,2,0,1e+07
39319,2,0,2e+07
39321,1,0,NA
39322,1,0,0
39323,2,3,4e+07
39324,1,0,1e+07
39326,2,0,0
39327,1,1,0
39328,2,0,NA
39329,2,0,0
39331,1,0,3e+07
39332,2,0,5e+07
39333,2,0,1e+07
39334,2,0,1e+07
39336,1,0,1e+07
39337,1,1,1e+07
39338,1,1,2e+07
39339,1,0,NA
39341,1,3,2e+07
39342,2,0,NA
39343,1,0,0
39344,2,0,1e+07
39346,2,0,NA
39347,1,0,0
39348,1,3,2e+07
39349,1,0,NA
39351,2,0,1e+07
39352,2,0,1e+07
39353,3,0,NA
39354,1,0,1e+07
39356,1,0,4e+07
39357,1,3,1e+07
39358,3,0,2e+07
39359,1,0,2e+07
39361,1,0,1e+07
39362,1,0,2e+07
39363,2,0,1e+07
39364,1,0,NA
39366,1,0,NA
39367,2,0,5e+07
39368,1,0,NA
39369,2,0,1e+07
39371,2,0,3e+07
39372,1,1,0
39373,1,0,1e+07
39374,1,0,NA
39376,2,0,2e+07
39377,1,0,NA
39378,1,0,1e+07
39379,1,0,1e+07
39381,1,0,NA
39382,1,0,1e+07
39383,1,0,NA
39384,1,0,NA
39386,1,0,3e+07
39387,2,0,1e+07
39388,2,0,2e+07
39389,1,0,1e+07
39391,1,0,1e+07
39392,1,0,1e+07
39393,1,0,1e+07
39394,1,0,0
39396,1,0,2e+07
39397,1,0,NA
39398,1,0,0
39399,1,0,0
39401,2,0,NA
39402,1,0,1e+07
39403,1,1,1e+07
39404,1,3,2e+07
39406,1,0,1e+07
39407,1,0,1e+07
39408,1,0,0
39409,1,0,1e+07
39411,1,0,0
39412,2,0,1e+07
39413,2,1,NA
39414,2,0,2e+07
39416,1,0,1e+07
39417,1,0,NA
39418,2,0,NA
39419,1,0,0
39421,2,0,0
39422,2,0,NA
39423,1,0,0
39424,1,0,NA
39426,1,0,NA
39427,1,0,NA
39428,1,0,1e+07
39429,1,0,NA
39431,2,0,NA
39432,2,0,NA
39433,2,0,0
39434,1,1,2e+07
39436,1,0,0
39437,1,2,4e+07
39438,3,3,0
39439,1,0,2e+07
39441,2,0,1e+07
39442,1,0,1e+07
39443,1,0,0
39444,2,0,1e+07
39446,1,0,2e+07
39447,1,0,0
39448,1,0,NA
39449,1,0,NA
39451,1,0,3e+07
39452,1,3,2e+07
39453,2,0,1e+07
39454,1,0,NA
39456,1,0,2e+07
39457,1,0,2e+07
39458,1,0,2e+07
39459,2,0,NA
39461,2,0,1e+07
39462,1,0,1e+07
39463,1,0,NA
39464,1,0,1e+07
39466,1,3,0
39467,1,0,3e+07
39468,1,0,NA
39469,1,0,NA
39471,1,0,1e+07
39472,1,0,NA
39473,2,0,NA
39474,2,0,1e+07
39476,1,0,1e+07
39477,1,0,1e+07
39478,1,0,0
39479,1,0,1e+07
39481,2,0,0
39482,2,0,NA
39483,1,3,4e+07
39484,1,0,3e+07
39486,2,0,2e+07
39487,1,0,0
39488,1,2,NA
39489,2,0,1e+07
39491,2,0,1e+07
39492,1,0,0
39493,1,0,0
39494,1,0,0
39496,1,0,1e+07
39497,1,0,NA
39498,1,0,NA
39499,1,0,1e+07
39501,1,0,1e+07
39502,1,0,2e+07
39503,1,0,NA
39504,2,0,1e+07
39506,1,0,NA
39507,1,0,NA
39508,2,3,4e+07
39509,2,1,4e+07
39511,1,0,0
39512,1,1,1e+07
39513,1,0,NA
39514,1,0,0
39516,1,0,1e+07
39517,1,3,NA
39518,2,0,0
39519,3,0,3e+07
39521,1,0,1e+07
39522,1,0,1e+07
39523,1,0,NA
39524,1,0,NA
39526,1,0,NA
39527,1,0,NA
39528,2,0,1e+07
39529,1,0,0
39531,1,1,3e+07
39532,1,0,NA
39533,1,0,1e+07
39534,2,0,2e+07
39536,1,0,NA
39537,2,0,NA
39538,1,0,0
39539,2,0,1e+07
39541,1,0,NA
39542,1,0,0
39543,1,0,0
39544,2,0,NA
39546,2,0,NA
39547,1,0,4e+07
39548,1,0,0
39549,2,0,NA
39551,2,0,NA
39552,1,0,0
39553,1,0,NA
39554,1,0,NA
39556,1,1,NA
39557,1,0,NA
39558,1,1,NA
39559,2,1,1e+07
39561,1,0,NA
39562,1,2,1e+07
39563,1,0,4e+07
39564,1,0,NA
39566,1,0,NA
39567,1,1,1e+07
39568,1,0,1e+07
39569,2,0,1e+07
39571,2,0,NA
39572,2,3,5e+07
39573,1,0,NA
39574,1,0,1e+07
39576,1,0,NA
39577,1,0,0
39578,1,3,3e+07
39579,2,0,NA
39581,1,0,1e+07
39582,1,0,NA
39583,1,0,NA
39584,1,0,NA
39586,2,2,3e+07
39587,1,0,NA
39588,2,0,4e+07
39589,1,0,5e+07
39591,1,0,1e+07
39592,1,0,NA
39593,2,0,NA
39594,2,1,0
39596,2,0,0
39597,1,0,1e+07
39598,2,0,1e+07
39599,1,0,NA
39601,2,0,NA
39602,1,0,1e+07
39603,1,1,NA
39604,1,0,1e+07
39606,2,0,0
39607,1,3,1e+07
39608,1,0,0
39609,1,0,NA
39611,1,0,1e+07
39612,1,3,4e+07
39613,1,3,2e+07
39614,1,0,2e+07
39616,2,0,NA
39617,2,0,1e+07
39618,2,0,1e+07
39619,2,0,2e+07
39621,1,0,0
39622,1,1,5e+07
39623,1,0,0
39624,1,0,NA
39626,1,3,2e+07
39627,2,3,5e+07
39628,1,0,1e+07
39629,1,0,1e+07
39631,1,2,1e+07
39632,2,0,1e+07
39633,2,0,0
39634,2,0,NA
39636,1,0,1e+07
39637,1,0,0
39638,2,0,NA
39639,2,0,NA
39641,1,0,1e+07
39642,1,0,1e+07
39643,1,0,1e+07
39644,1,0,1e+07
39646,1,0,1e+07
39647,1,2,NA
39648,1,0,2e+07
39649,2,0,1e+07
39651,1,0,NA
39652,1,0,NA
39653,1,0,3e+07
39654,1,0,NA
39656,1,0,1e+07
39657,1,0,NA
39658,1,0,1e+07
39659,1,0,NA
39661,1,0,3e+07
39662,1,0,NA
39663,1,2,0
39664,1,3,0
39666,1,0,4e+07
39667,1,0,NA
39668,1,0,NA
39669,1,0,2e+07
39671,1,0,0
39672,1,0,NA
39673,1,0,1e+07
39674,2,0,0
39676,1,1,1e+07
39677,2,0,NA
39678,1,0,5e+07
39679,1,0,0
39681,1,0,0
39682,2,1,0
39683,1,0,NA
39684,1,0,NA
39686,1,0,0
39687,1,0,NA
39688,1,0,1e+07
39689,1,0,NA
39691,1,0,NA
39692,1,0,1e+07
39693,1,0,NA
39694,2,0,1e+07
39696,1,0,NA
39697,1,1,2e+07
39698,1,0,2e+07
39699,1,0,2e+07
39701,1,0,3e+07
39702,1,0,1e+07
39703,1,0,3e+07
39704,1,0,NA
39706,1,3,NA
39707,1,0,NA
39708,1,0,1e+07
39709,1,0,0
39711,1,0,4e+07
39712,1,0,1e+07
39713,1,0,1e+07
39714,1,0,0
39716,1,0,0
39717,1,0,2e+07
39718,1,0,NA
39719,1,0,2e+07
39721,2,1,1e+07
39722,1,0,1e+07
39723,1,0,NA
39724,1,0,2e+07
39726,2,0,NA
39727,1,2,1e+07
39728,1,0,1e+07
39729,1,0,0
39731,1,3,1e+07
39732,2,0,2e+07
39733,1,3,2e+07
39734,1,0,2e+07
39736,1,0,0
39737,1,0,NA
39738,1,3,1e+07
39739,1,0,NA
39741,1,0,1e+07
39742,1,0,1e+07
39743,1,0,1e+07
39744,1,0,NA
39746,1,3,1e+07
39747,1,2,0
39748,1,1,0
39749,1,0,NA
39751,1,0,0
39752,1,0,NA
39753,1,0,1e+07
39754,1,0,1e+07
39756,1,0,0
39757,1,0,NA
39758,1,0,5e+07
39759,1,1,2e+07
39761,1,0,1e+07
39762,1,0,1e+07
39763,1,3,2e+07
39764,1,0,1e+07
39766,1,0,1e+07
39767,1,0,0
39768,1,2,2e+07
39769,1,3,1e+07
39771,1,0,NA
39772,1,0,1e+07
39773,1,0,NA
39774,1,0,2e+07
39776,1,0,1e+07
39777,1,0,0
39778,1,0,0
39779,1,0,1e+07
39781,1,0,1e+07
39782,1,0,1e+07
39783,1,1,0
39784,1,0,1e+07
39786,1,0,1e+07
39787,1,0,1e+07
39788,1,0,2e+07
39789,1,3,2e+07
39791,1,2,5e+07
39792,1,3,2e+07
39793,1,0,NA
39794,1,3,1e+07
39796,2,0,1e+07
39797,1,0,NA
39798,1,0,0
39799,1,0,2e+07
39801,1,0,NA
39802,1,0,5e+07
39803,1,2,0
39804,1,2,0
39806,1,0,NA
39807,1,0,NA
39808,1,3,1e+07
39809,2,0,0
39811,1,0,NA
39812,1,0,NA
39813,1,0,NA
39814,1,0,NA
39816,1,0,NA
39817,1,0,2e+07
39818,1,0,NA
39819,1,0,NA
39821,1,0,1e+07
39822,1,0,1e+07
39823,1,0,0
39824,1,0,NA
39826,1,0,0
39827,1,0,2e+07
39828,1,0,0
39829,1,0,0
39831,1,0,NA
39832,1,0,4e+07
39833,1,0,NA
39834,1,1,1e+07
39836,1,1,0
39837,1,2,3e+07
39838,1,0,5e+07
39839,1,3,5e+07
39841,1,1,1e+07
39842,1,0,1e+07
39843,2,0,NA
39844,1,0,NA
39846,1,0,NA
39847,1,0,NA
39848,1,0,NA
39849,1,0,2e+07
39851,1,0,NA
39852,1,0,NA
39853,1,0,1e+07
39854,1,0,0
39856,1,3,2e+07
39857,1,0,0
39858,1,0,NA
39859,1,0,0
39861,1,0,0
39862,1,0,NA
39863,1,0,NA
39864,1,0,1e+07
39866,1,0,0
39867,1,0,2e+07
39868,1,0,NA
39869,1,0,0
39871,1,2,NA
39872,1,3,1e+07
39873,1,1,0
39874,1,0,NA
39876,2,0,NA
39877,1,0,NA
39878,1,0,1e+07
39879,1,3,1e+07
39881,1,0,1e+07
39882,1,0,NA
39883,1,0,NA
39884,1,0,NA
39886,1,0,0
39887,1,0,1e+07
39888,1,0,2e+07
39889,1,0,NA
39891,1,0,0
39892,1,3,4e+07
39893,1,0,1e+07
39894,1,0,4e+07
39896,1,0,2e+07
39897,2,0,3e+07
39898,1,0,NA
39899,1,0,NA
39901,1,0,1e+07
39902,1,1,0
39903,1,0,1e+07
39904,1,0,NA
39906,1,0,NA
39907,1,0,1e+07
39908,1,0,1e+07
39909,1,0,NA
39911,1,0,NA
39912,2,0,1e+07
39913,1,0,1e+07
39914,1,0,NA
39916,1,0,0
39917,1,0,NA
39918,1,2,5e+07
39919,1,3,0
39921,1,0,5e+07
39922,1,0,5e+07
39923,1,0,NA
39924,1,0,2e+07
39926,1,3,2e+07
39927,1,0,NA
39928,1,0,1e+07
39929,1,0,NA
39931,1,0,NA
39932,2,0,2e+07
39933,1,0,0
39934,2,1,1e+07
39936,1,0,1e+07
39937,1,0,1e+07
39938,1,0,1e+07
39939,1,0,5e+07
39941,1,0,1e+07
39942,1,3,1e+07
39943,1,0,0
39944,1,0,0
39946,1,0,2e+07
39947,1,0,2e+07
39948,1,0,2e+07
39949,1,3,1e+07
39951,1,0,1e+07
39952,1,0,2e+07
39953,1,0,5e+07
39954,1,0,NA
39956,1,0,2e+07
39957,1,0,0
39958,1,1,1e+07
39959,1,3,5e+07
39961,1,3,5e+07
39962,1,0,1e+07
39963,1,1,NA
39964,1,0,1e+07
39966,1,0,NA
39967,1,0,2e+07
39968,1,0,2e+07
39969,1,0,NA
39971,1,0,0
39972,1,2,2e+07
39973,1,0,NA
39974,1,0,1e+07
39976,1,0,0
39977,1,0,1e+07
39978,1,0,NA
39979,1,0,1e+07
39981,1,3,0
39982,1,0,0
39983,1,0,NA
39984,1,0,1e+07
39986,1,0,1e+07
39987,1,0,4e+07
39988,1,0,NA
39989,1,0,NA
39991,1,0,NA
39992,1,0,0
39993,1,0,1e+07
39994,1,0,1e+07
39996,1,0,1e+07
39997,1,0,1e+07
39998,1,0,NA
39999,1,0,NA
40001,1,3,1e+07
40002,1,0,2e+07
40003,1,0,NA
40004,1,0,NA
40006,1,1,0
40007,1,0,0
40008,1,0,1e+07
40009,1,1,NA
40011,1,0,NA
40012,1,0,NA
40013,1,0,NA
40014,1,0,NA
40016,1,0,1e+07
40017,1,0,NA
40018,1,0,NA
40019,1,0,NA
40021,1,0,NA
40022,1,0,2e+07
40023,1,0,1e+07
40024,1,0,1e+07
40026,1,0,0
40027,1,0,NA
40028,1,0,0
40029,1,0,0
40031,1,3,1e+07
40032,1,0,1e+07
40033,1,2,5e+07
40034,1,0,NA
40036,1,0,NA
40037,1,2,0
40038,1,0,1e+07
40039,1,1,2e+07
40041,1,0,NA
40042,1,3,NA
40043,1,0,NA
40044,1,0,0
40046,1,2,1e+07
40047,1,0,1e+07
40048,1,0,3e+07
40049,1,0,1e+07
40051,1,0,5e+07
40052,1,1,NA
40053,1,0,NA
40054,1,0,1e+07
40056,1,0,2e+07
40057,1,0,0
40058,1,0,0
40059,1,1,NA
40061,1,0,NA
40062,1,0,3e+07
40063,1,0,NA
40064,1,0,NA
40066,1,1,1e+07
40067,2,0,1e+07
40068,1,0,2e+07
40069,1,1,2e+07
40071,1,0,NA
40072,1,0,NA
40073,1,0,NA
40074,1,3,1e+07
40076,1,0,NA
40077,1,0,0
40078,1,0,1e+07
40079,1,0,NA
40081,1,0,2e+07
40082,1,3,NA
40083,1,0,0
40084,1,0,NA
40086,1,0,1e+07
40087,1,3,5e+07
40088,1,0,0
40089,1,0,1e+07
40091,1,0,1e+07
40092,1,0,0
40093,1,0,NA
40094,1,0,1e+07
40096,1,3,4e+07
40097,2,0,NA
40098,1,0,NA
40099,1,0,NA
40101,1,1,1e+07
40102,1,0,2e+07
40103,1,0,NA
40104,1,0,1e+07
40106,1,0,NA
40107,1,1,2e+07
40108,1,0,2e+07
40109,1,0,2e+07
40111,1,0,NA
40112,2,0,1e+07
40113,1,0,0
40114,1,0,NA
40116,1,0,NA
40117,1,0,0
40118,1,0,NA
40119,1,3,2e+07
40121,1,3,1e+07
40122,1,0,NA
40123,1,0,0
40124,1,0,NA
40126,1,0,NA
40127,1,1,1e+07
40128,1,0,1e+07
40129,1,0,0
40131,1,0,NA
40132,1,0,3e+07
40133,1,0,NA
40134,1,0,1e+07
40136,1,0,NA
40137,1,1,0
40138,1,0,2e+07
40139,1,0,NA
40141,1,0,NA
40142,1,0,0
40143,1,0,1e+07
40144,1,0,0
40146,1,0,0
40147,1,0,1e+07
40148,1,0,2e+07
40149,1,0,1e+07
40151,1,0,3e+07
40152,1,0,NA
40153,1,0,NA
40154,1,0,NA
40156,1,0,1e+07
40157,1,0,1e+07
40158,1,0,NA
40159,1,0,1e+07
40161,1,0,0
40162,1,0,0
40163,1,0,1e+07
40164,1,0,2e+07
40166,1,0,1e+07
40167,1,3,1e+07
40168,1,0,1e+07
40169,1,0,2e+07
40171,1,0,1e+07
40172,1,0,NA
40173,1,0,0
40174,1,0,NA
40176,1,2,1e+07
40177,1,1,0
40178,1,0,1e+07
40179,1,3,5e+07
40181,1,0,1e+07
40182,1,0,NA
40183,1,0,NA
40184,1,0,1e+07
40186,1,0,0
40187,1,0,1e+07
40188,1,1,5e+07
40189,1,0,NA
40191,1,0,1e+07
40192,1,0,5e+07
40193,1,0,NA
40194,1,0,NA
40196,1,0,1e+07
40197,1,0,2e+07
40198,1,0,0
40199,1,0,1e+07
40201,1,0,0
40202,1,3,2e+07
40203,1,0,NA
40204,1,0,3e+07
40206,1,0,NA
40207,1,0,NA
40208,1,0,2e+07
40209,1,0,NA
40211,1,0,4e+07
40212,1,0,1e+07
40213,1,0,2e+07
40214,1,0,0
40216,1,0,0
40217,1,3,5e+07
40218,1,0,NA
40219,1,0,1e+07
40221,1,0,1e+07
40222,1,3,1e+07
40223,1,0,NA
40224,1,0,NA
40226,1,0,1e+07
40227,1,0,0
40228,1,0,1e+07
40229,1,0,1e+07
40231,1,0,1e+07
40232,1,0,1e+07
40233,1,0,1e+07
40234,1,1,NA
40236,1,3,0
40237,1,0,2e+07
40238,1,0,NA
40239,1,0,NA
40241,1,0,2e+07
40242,1,0,0
40243,1,2,1e+07
40244,1,0,0
40246,1,0,2e+07
40247,1,0,5e+07
40248,1,3,2e+07
40249,1,0,1e+07
40251,1,0,0
40252,1,0,2e+07
40253,1,0,1e+07
40254,1,0,0
40256,1,0,NA
40257,1,0,2e+07
40258,1,2,1e+07
40259,1,3,1e+07
40261,1,0,2e+07
40262,1,0,1e+07
40263,1,0,NA
40264,1,0,NA
40266,1,0,NA
40267,1,0,0
40268,1,0,NA
40269,1,0,NA
40271,1,0,NA
40272,1,0,0
40273,1,0,2e+07
40274,1,0,1e+07
40276,1,0,NA
40277,1,0,NA
40278,1,0,0
40279,1,0,2e+07
40281,1,0,2e+07
40282,1,0,1e+07
40283,1,3,1e+07
40284,1,0,0
40286,1,0,1e+07
40287,1,0,NA
40288,1,0,NA
40289,1,0,0
40291,1,0,NA
40292,1,3,0
40293,1,0,1e+07
40294,1,0,NA
40296,1,0,NA
40297,1,0,NA
40298,1,3,2e+07
40299,1,0,0
40301,1,0,NA
40302,1,0,0
40303,1,0,NA
40304,1,0,NA
40306,1,0,2e+07
40307,1,1,0
40308,1,1,4e+07
40309,1,0,NA
40311,1,0,3e+07
40312,1,0,NA
40313,1,0,1e+07
40314,1,0,1e+07
40316,1,0,NA
40317,1,0,1e+07
40318,1,0,NA
40319,1,0,1e+07
40321,1,0,1e+07
40322,1,0,1e+07
40323,1,0,NA
40324,1,0,0
40326,1,0,NA
40327,1,0,NA
40328,1,0,1e+07
40329,1,0,NA
40331,1,0,2e+07
40332,1,0,NA
40333,1,0,NA
40334,1,0,2e+07
40336,1,1,1e+07
40337,1,1,NA
40338,1,3,1e+07
40339,1,0,NA
40341,1,0,0
40342,1,0,1e+07
40343,1,1,0
40344,1,0,1e+07
40346,1,0,1e+07
40347,1,0,NA
40348,1,0,NA
40349,1,0,1e+07
40351,1,0,4e+07
40352,1,0,1e+07
40353,1,0,1e+07
40354,1,0,0
40356,1,0,1e+07
40357,1,0,NA
40358,1,0,NA
40359,1,0,2e+07
40361,1,0,1e+07
40362,1,0,2e+07
40363,1,0,NA
40364,1,0,NA
40366,1,0,NA
40367,1,2,1e+07
40368,1,0,0
40369,1,0,1e+07
40371,1,0,2e+07
40372,1,1,1e+07
40373,1,2,2e+07
40374,1,0,2e+07
40376,1,3,1e+07
40377,1,0,2e+07
40378,1,1,0
40379,1,0,NA
40381,1,0,NA
40382,1,0,NA
40383,1,0,NA
40384,1,0,NA
40386,1,0,NA
40387,1,0,NA
40388,1,0,NA
40389,1,3,1e+07
40391,1,0,5e+07
40392,1,2,1e+07
40393,1,0,4e+07
40394,1,0,NA
40396,1,0,0
40397,1,0,1e+07
40398,1,0,2e+07
40399,1,0,NA
40401,1,0,4e+07
40402,1,0,0
40403,1,0,1e+07
40404,1,0,2e+07
40406,1,0,NA
40407,1,0,NA
40408,1,0,0
40409,1,0,0
40411,1,0,NA
40412,1,0,NA
40413,1,0,2e+07
40414,1,0,NA
40416,1,0,0
40417,1,0,1e+07
40418,1,0,3e+07
40419,1,0,1e+07
40421,1,0,NA
40422,1,3,5e+07
40423,1,0,4e+07
40424,1,0,1e+07
40426,1,0,NA
40427,1,0,NA
40428,1,0,NA
40429,1,0,2e+07
40431,1,0,1e+07
40432,1,3,3e+07
40433,1,0,NA
40434,1,1,1e+07
40436,1,0,2e+07
40437,1,0,NA
40438,1,0,NA
40439,1,0,1e+07
40441,1,0,NA
40442,1,0,1e+07
40443,1,0,0
40444,1,0,1e+07
40446,1,0,0
40447,1,0,4e+07
40448,1,0,2e+07
40449,1,0,0
40451,1,0,NA
40452,1,0,NA
40453,1,0,2e+07
40454,1,0,5e+07
40456,1,0,1e+07
40457,1,0,1e+07
40458,1,3,3e+07
40459,1,0,1e+07
40461,1,0,1e+07
40462,1,0,1e+07
40463,1,0,NA
40464,1,0,2e+07
40466,1,0,NA
40467,1,0,1e+07
40468,1,0,NA
40469,1,0,1e+07
40471,1,3,1e+07
40472,1,0,0
40473,1,0,NA
40474,1,0,4e+07
40476,1,3,1e+07
40477,1,1,1e+07
40478,1,0,2e+07
40479,1,2,1e+07
40481,1,0,NA
40482,1,0,1e+07
40483,1,0,1e+07
40484,1,0,NA
40486,1,0,2e+07
40487,1,0,NA
40488,1,0,1e+07
40489,1,0,NA
40491,1,0,NA
40492,1,3,1e+07
40493,1,0,NA
40494,1,0,1e+07
40496,1,0,1e+07
40497,1,0,2e+07
40498,1,1,NA
40499,1,0,1e+07
40501,1,0,NA
40502,1,0,5e+07
40503,1,0,0
40504,1,0,1e+07
40506,1,0,1e+07
40507,1,1,1e+07
40508,1,3,1e+07
40509,1,0,1e+07
40511,1,0,NA
40512,1,0,NA
40513,1,0,1e+07
40514,1,0,1e+07
40516,1,0,2e+07
40517,1,0,2e+07
40518,1,0,2e+07
40519,1,0,1e+07
40521,1,0,NA
40522,1,1,1e+07
40523,1,0,0
40524,1,0,2e+07
40526,1,0,NA
40527,1,0,5e+07
40528,1,2,0
40529,1,0,2e+07
40531,1,0,1e+07
40532,1,0,1e+07
40533,1,0,NA
40534,1,0,NA
40536,1,3,0
40537,1,0,3e+07
40538,1,0,0
40539,1,0,5e+07
40541,1,0,0
40542,1,3,3e+07
40543,1,0,1e+07
40544,1,0,0
40546,1,0,1e+07
40547,1,0,0
40548,1,0,2e+07
40549,1,0,NA
40551,1,0,0
40552,1,0,1e+07
40553,1,0,0
40554,1,0,NA
40556,1,0,5e+07
40557,1,0,1e+07
40558,1,1,0
40559,1,0,5e+07
40561,1,0,NA
40562,1,0,NA
40563,1,0,NA
40564,1,0,0
40566,1,0,1e+07
40567,1,0,NA
40568,1,0,NA
40569,1,3,2e+07
40571,1,0,NA
40572,1,1,0
40573,1,0,NA
40574,1,0,NA
40576,1,0,2e+07
40577,1,0,1e+07
40578,1,0,NA
40579,1,0,NA
40581,1,0,1e+07
40582,1,0,NA
40583,1,0,NA
40584,1,2,1e+07
40586,1,1,0
40587,1,0,NA
40588,1,0,NA
40589,1,0,1e+07
40591,1,0,NA
40592,1,0,0
40593,1,3,3e+07
40594,1,0,1e+07
40596,1,0,1e+07
40597,1,0,NA
40598,1,0,NA
40599,1,0,2e+07
40601,1,3,1e+07
40602,1,0,NA
40603,1,3,2e+07
40604,1,0,NA
40606,1,0,NA
40607,1,3,1e+07
40608,1,0,NA
40609,1,1,1e+07
40611,1,0,0
40612,1,0,NA
40613,1,0,1e+07
40614,1,0,NA
40616,1,3,1e+07
40617,1,0,5e+07
40618,1,0,0
40619,1,0,NA
40621,1,1,1e+07
40622,1,0,1e+07
40623,1,0,NA
40624,1,0,NA
40626,1,0,5e+07
40627,1,0,NA
40628,1,0,1e+07
40629,1,0,NA
40631,1,0,3e+07
40632,1,0,1e+07
40633,1,0,1e+07
40634,1,0,1e+07
40636,1,0,NA
40637,1,0,NA
40638,1,0,NA
40639,1,0,NA
40641,1,1,0
40642,1,0,1e+07
40643,1,0,3e+07
40644,1,1,1e+07
40646,1,0,1e+07
40647,1,0,1e+07
40648,1,0,NA
40649,1,0,3e+07
40651,1,0,NA
40652,1,0,NA
40653,1,0,0
40654,1,0,NA
40656,1,0,NA
40657,2,0,NA
40658,1,0,0
40659,1,0,1e+07
40661,1,0,NA
40662,1,0,NA
40663,1,0,5e+07
40664,1,3,4e+07
40666,1,0,NA
40667,1,0,NA
40668,1,0,0
40669,1,0,NA
40671,1,0,2e+07
40672,1,0,2e+07
40673,1,0,NA
40674,1,1,NA
40676,1,0,1e+07
40677,1,0,NA
40678,1,3,3e+07
40679,1,0,0
40681,1,2,2e+07
40682,1,0,NA
40683,1,0,1e+07
40684,1,0,1e+07
40686,2,0,2e+07
40687,1,2,1e+07
40688,1,3,0
40689,1,3,1e+07
40691,1,2,1e+07
40692,1,3,5e+07
40693,1,0,NA
40694,1,0,5e+07
40696,1,0,2e+07
40697,1,0,0
40698,1,0,NA
40699,1,3,0
40701,1,2,1e+07
40702,1,0,0
40703,1,3,0
40704,1,3,NA
40706,1,0,3e+07
40707,1,0,NA
40708,1,0,NA
40709,1,3,3e+07
40711,1,0,NA
40712,1,0,NA
40713,1,0,NA
40714,1,0,NA
40716,1,0,3e+07
40717,1,0,0
40718,1,0,NA
40719,1,0,0
40721,1,0,NA
40722,1,0,2e+07
40723,1,0,NA
40724,1,2,0
40726,1,0,NA
40727,1,0,NA
40728,1,0,NA
40729,1,0,1e+07
40731,1,0,1e+07
40732,1,0,0
40733,1,2,3e+07
40734,1,0,NA
40736,1,0,2e+07
40737,1,0,2e+07
40738,1,0,1e+07
40739,1,0,1e+07
40741,1,0,NA
40742,1,0,1e+07
40743,1,0,1e+07
40744,1,0,NA
40746,1,2,0
40747,1,0,NA
40748,1,0,NA
40749,1,1,NA
40751,1,0,0
40752,1,1,NA
40753,1,3,2e+07
40754,1,0,NA
40756,1,0,NA
40757,1,3,2e+07
40758,1,1,0
40759,1,0,NA
40761,1,0,NA
40762,1,0,NA
40763,1,1,NA
40764,1,0,2e+07
40766,1,0,1e+07
40767,1,0,1e+07
40768,1,0,0
40769,1,0,5e+07
40771,1,0,1e+07
40772,1,0,NA
40773,1,0,NA
40774,1,0,NA
40776,1,0,0
40777,1,0,NA
40778,1,0,NA
40779,1,1,0
40781,1,0,5e+07
40782,1,0,2e+07
40783,1,0,1e+07
40784,1,0,0
40786,1,1,1e+07
40787,1,0,2e+07
40788,1,0,NA
40789,1,0,2e+07
40791,1,0,NA
40792,1,0,1e+07
40793,1,0,2e+07
40794,1,0,NA
40796,1,1,NA
40797,1,0,1e+07
40798,1,0,0
40799,1,0,1e+07
40801,1,0,NA
40802,1,2,0
40803,1,0,1e+07
40804,1,0,NA
40806,1,0,0
40807,1,3,2e+07
40808,1,3,1e+07
40809,1,0,NA
40811,1,0,NA
40812,1,0,0
40813,1,3,2e+07
40814,1,0,1e+07
40816,1,0,NA
40817,1,0,0
40818,1,1,1e+07
40819,1,0,NA
40821,1,0,NA
40822,1,0,1e+07
40823,1,0,2e+07
40824,1,0,NA
40826,1,0,2e+07
40827,1,0,0
40828,1,0,NA
40829,1,0,NA
40831,1,0,1e+07
40832,1,0,1e+07
40833,1,0,1e+07
40834,1,0,1e+07
40836,1,0,0
40837,1,0,NA
40838,1,0,1e+07
40839,1,1,1e+07
40841,1,3,2e+07
40842,1,1,1e+07
40843,1,3,0
40844,1,1,1e+07
40846,1,0,1e+07
40847,1,0,NA
40848,1,0,4e+07
40849,1,0,NA
40851,1,0,2e+07
40852,1,3,5e+07
40853,1,0,NA
40854,1,0,NA
40856,1,0,4e+07
40857,1,0,0
40858,1,3,1e+07
40859,1,0,0
40861,1,0,1e+07
40862,1,0,NA
40863,1,3,0
40864,1,0,1e+07
40866,1,0,1e+07
40867,1,0,NA
40868,1,0,1e+07
40869,1,0,NA
40871,1,0,0
40872,1,0,2e+07
40873,1,0,NA
40874,1,0,0
40876,1,0,1e+07
40877,1,0,NA
40878,1,0,4e+07
40879,1,0,0
40881,1,3,2e+07
40882,1,0,NA
40883,1,0,NA
40884,1,1,1e+07
40886,1,0,NA
40887,1,0,0
40888,1,0,NA
40889,2,0,NA
40891,1,1,2e+07
40892,1,0,NA
40893,1,0,NA
40894,1,0,1e+07
40896,1,0,1e+07
40897,1,0,1e+07
40898,1,0,NA
40899,1,1,0
40901,1,0,4e+07
40902,1,0,NA
40903,1,0,1e+07
40904,1,0,0
40906,1,0,1e+07
40907,1,1,1e+07
40908,1,0,NA
40909,1,0,NA
40911,1,0,1e+07
40912,1,0,1e+07
40913,1,0,2e+07
40914,1,0,2e+07
40916,1,3,5e+07
40917,1,0,2e+07
40918,1,0,0
40919,1,0,3e+07
40921,1,0,1e+07
40922,1,0,2e+07
40923,1,0,NA
40924,1,0,NA
40926,1,0,NA
40927,1,0,0
40928,1,0,1e+07
40929,1,0,NA
40931,2,1,1e+07
40932,1,0,NA
40933,1,0,0
40934,1,0,NA
40936,1,0,1e+07
40937,1,0,NA
40938,1,0,1e+07
40939,1,0,2e+07
40941,1,0,0
40942,1,0,1e+07
40943,1,0,NA
40944,1,0,NA
40946,1,0,NA
40947,1,0,NA
40948,1,0,NA
40949,1,0,NA
40951,1,0,NA
40952,1,0,NA
40953,1,1,0
40954,1,0,1e+07
40956,1,0,NA
40957,1,0,1e+07
40958,1,0,NA
40959,1,1,NA
40961,1,0,NA
40962,1,0,NA
40963,1,1,0
40964,1,0,0
40966,1,1,0
40967,1,0,1e+07
40968,1,1,NA
40969,1,0,0
40971,1,0,1e+07
40972,1,0,5e+07
40973,1,0,1e+07
40974,1,0,0
40976,1,0,1e+07
40977,1,0,NA
40978,1,0,1e+07
40979,1,0,NA
40981,1,0,NA
40982,1,0,3e+07
40983,1,0,1e+07
40984,1,0,NA
40986,1,1,1e+07
40987,1,0,1e+07
40988,1,0,0
40989,1,0,NA
40991,1,0,NA
40992,1,0,NA
40993,1,0,NA
40994,1,0,2e+07
40996,1,0,0
40997,1,0,NA
40998,1,0,NA
40999,1,2,NA
41001,1,0,1e+07
41002,1,0,NA
41003,1,0,1e+07
41004,1,0,NA
41006,1,0,4e+07
41007,1,0,1e+07
41008,1,0,0
41009,1,0,0
41011,1,0,1e+07
41012,1,0,NA
41013,1,0,NA
41014,1,0,1e+07
41016,1,0,NA
41017,1,0,NA
41018,1,0,NA
41019,1,0,1e+07
41021,1,0,1e+07
41022,1,0,3e+07
41023,1,0,NA
41024,1,0,NA
41026,1,0,NA
41027,1,0,NA
41028,1,0,1e+07
41029,1,0,1e+07
41031,1,0,1e+07
41032,1,0,1e+07
41033,1,0,2e+07
41034,1,0,0
41036,1,2,1e+07
41037,1,0,1e+07
41038,1,1,1e+07
41039,1,3,1e+07
41041,1,0,NA
41042,1,0,NA
41043,1,0,0
41044,1,0,0
41046,1,0,NA
41047,1,0,0
41048,1,0,2e+07
41049,1,0,0
41051,1,0,NA
41052,1,0,NA
41053,1,3,2e+07
41054,1,0,2e+07
41056,1,0,0
41057,1,0,1e+07
41058,1,0,NA
41059,1,0,NA
41061,1,0,1e+07
41062,1,0,0
41063,1,0,1e+07
41064,1,0,2e+07
41066,1,0,2e+07
41067,1,0,1e+07
41068,1,1,1e+07
41069,1,0,0
41071,1,0,NA
41072,1,0,2e+07
41073,1,0,1e+07
41074,1,0,2e+07
41076,1,2,1e+07
41077,1,0,NA
41078,1,0,1e+07
41079,1,0,4e+07
41081,1,0,1e+07
41082,1,0,NA
41083,1,0,NA
41084,1,0,1e+07
41086,1,0,1e+07
41087,1,0,NA
41088,1,0,0
41089,1,0,5e+07
41091,1,0,NA
41092,1,0,1e+07
41093,1,0,1e+07
41094,1,0,NA
41096,1,0,2e+07
41097,4,3,0
41098,3,0,1e+07
41099,5,0,0
41101,2,0,5e+07
41102,4,0,0
41103,3,0,5e+07
41104,2,0,3e+07
41106,3,0,2e+07
41107,2,0,0
41108,6,0,1e+07
41109,1,1,2e+07
41111,3,1,2e+07
41112,2,0,1e+07
41113,3,0,3e+07
41114,1,3,1e+07
41116,3,0,4e+07
41118,4,0,3e+07
41119,3,0,1e+07
41121,2,0,NA
41122,5,0,NA
41123,1,2,0
41124,1,1,0
41126,2,2,NA
41127,4,0,2e+07
41128,5,0,3e+07
41129,4,0,2e+07
41131,2,0,1e+07
41132,4,2,1e+07
41133,2,1,NA
41134,3,1,1e+07
41136,3,0,1e+07
41137,3,0,4e+07
41138,1,0,1e+07
41139,2,0,1e+07
41141,3,0,2e+07
41142,4,0,0
41143,4,0,0
41144,3,0,1e+07
41146,3,0,1e+07
41147,1,0,1e+07
41148,3,3,4e+07
41149,2,0,1e+07
41151,4,0,1e+07
41152,4,0,2e+07
41153,4,0,1e+07
41154,4,0,1e+07
41156,2,3,1e+07
41157,3,1,1e+07
41158,5,0,2e+07
41159,3,0,0
41161,4,0,0
41162,4,2,0
41163,3,0,2e+07
41164,5,0,2e+07
41166,3,0,1e+07
41167,2,3,3e+07
41168,4,2,1e+07
41169,4,0,2e+07
41171,3,0,NA
41172,2,0,5e+07
41173,3,3,0
41174,4,0,1e+07
41176,2,0,1e+07
41177,5,0,NA
41178,3,0,2e+07
41181,4,0,0
41182,3,3,0
41183,1,0,NA
41184,4,0,1e+07
41186,4,0,1e+07
41187,3,0,1e+07
41188,2,0,NA
41189,2,2,5e+07
41191,2,0,NA
41192,2,1,NA
41193,3,0,1e+07
41194,3,0,0
41196,1,0,2e+07
41197,3,0,1e+07
41198,1,2,0
41199,3,0,2e+07
41201,3,2,1e+07
41203,3,0,1e+07
41204,2,3,1e+07
41206,2,1,1e+07
41207,5,0,2e+07
41208,2,0,0
41209,3,0,0
41211,3,0,1e+07
41212,3,3,3e+07
41213,2,0,5e+07
41216,3,0,3e+07
41217,1,0,3e+07
41218,1,0,2e+07
41219,4,1,0
41221,1,3,1e+07
41222,2,0,0
41223,5,0,2e+07
41224,2,1,1e+07
41226,2,0,0
41227,2,0,5e+07
41228,3,0,NA
41229,1,0,1e+07
41231,1,0,5e+07
41232,4,0,1e+07
41233,3,0,1e+07
41236,3,3,5e+07
41237,4,3,2e+07
41238,3,0,0
41239,3,2,1e+07
41241,2,2,1e+07
41242,3,0,3e+07
41243,2,0,0
41244,2,0,1e+07
41246,2,3,2e+07
41247,4,1,1e+07
41248,4,3,1e+07
41251,2,3,1e+07
41252,5,0,1e+07
41253,1,0,NA
41254,2,2,NA
41256,2,0,NA
41257,3,0,1e+07
41258,3,1,1e+07
41259,3,0,1e+07
41261,2,1,0
41262,2,0,2e+07
41263,2,0,2e+07
41264,3,1,1e+07
41266,1,0,1e+07
41267,1,0,1e+07
41269,2,1,2e+07
41271,2,0,2e+07
41272,4,0,1e+07
41273,4,0,1e+07
41274,2,0,1e+07
41276,3,3,1e+07
41277,2,3,1e+07
41278,4,0,NA
41279,1,0,0
41281,4,0,1e+07
41282,3,2,1e+07
41283,3,0,1e+07
41284,2,1,2e+07
41286,4,0,NA
41288,3,0,1e+07
41289,3,0,NA
41291,3,0,2e+07
41292,4,1,3e+07
41293,1,0,2e+07
41294,4,0,2e+07
41296,1,0,2e+07
41297,3,3,1e+07
41298,3,0,1e+07
41299,2,1,1e+07
41301,2,0,1e+07
41302,2,3,1e+07
41303,2,0,NA
41304,3,3,1e+07
41306,3,0,2e+07
41308,4,0,1e+07
41309,1,3,0
41311,4,0,2e+07
41312,3,0,0
41313,4,0,1e+07
41314,3,0,1e+07
41316,4,0,0
41317,3,0,1e+07
41318,3,0,2e+07
41319,1,1,0
41321,3,0,1e+07
41322,4,0,1e+07
41323,4,0,1e+07
41324,1,1,0
41326,3,3,2e+07
41327,2,0,NA
41328,2,0,1e+07
41329,1,0,2e+07
41331,2,1,1e+07
41332,5,0,1e+07
41333,3,1,1e+07
41334,3,0,1e+07
41336,2,0,1e+07
41337,3,0,2e+07
41339,4,0,1e+07
41341,3,0,1e+07
41342,3,1,0
41343,8,0,3e+07
41346,1,3,0
41347,1,0,1e+07
41348,2,0,0
41349,1,0,0
41351,3,0,2e+07
41352,2,0,2e+07
41353,3,0,0
41354,2,2,0
41356,4,0,1e+07
41357,2,0,1e+07
41358,3,0,1e+07
41359,1,0,5e+07
41361,3,0,1e+07
41362,2,0,0
41363,3,0,1e+07
41364,1,0,NA
41366,3,0,1e+07
41367,2,0,0
41368,2,0,2e+07
41369,3,1,1e+07
41371,3,0,1e+07
41372,2,0,1e+07
41373,3,0,NA
41374,2,0,NA
41377,3,0,NA
41378,3,0,5e+07
41379,1,0,1e+07
41381,2,1,1e+07
41382,2,0,2e+07
41383,4,0,2e+07
41384,3,3,1e+07
41386,1,0,NA
41388,1,0,2e+07
41389,1,0,2e+07
41391,3,0,1e+07
41392,4,0,1e+07
41394,4,0,2e+07
41396,3,0,1e+07
41397,2,0,0
41398,3,0,0
41399,1,0,1e+07
41401,3,0,2e+07
41402,1,3,1e+07
41403,1,1,3e+07
41404,1,0,NA
41406,2,0,NA
41407,3,0,2e+07
41408,3,0,NA
41409,3,0,1e+07
41411,2,0,2e+07
41412,3,0,1e+07
41413,3,1,1e+07
41414,2,0,0
41416,3,0,NA
41417,2,0,1e+07
41418,1,0,NA
41419,2,2,4e+07
41421,2,0,1e+07
41422,3,0,2e+07
41423,1,3,0
41424,2,3,1e+07
41426,3,0,NA
41427,1,3,4e+07
41428,4,1,0
41429,2,0,1e+07
41431,1,0,1e+07
41432,3,0,NA
41433,2,2,NA
41434,2,1,5e+07
41436,2,3,2e+07
41437,2,0,0
41438,3,0,1e+07
41439,1,0,1e+07
41441,2,0,1e+07
41444,2,3,4e+07
41446,3,0,NA
41447,3,0,5e+07
41448,3,0,5e+07
41451,2,0,2e+07
41452,1,1,1e+07
41453,3,0,4e+07
41454,2,0,NA
41456,3,0,NA
41457,3,0,0
41458,2,0,2e+07
41459,2,2,3e+07
41461,2,3,1e+07
41462,2,0,1e+07
41463,1,3,NA
41464,3,0,3e+07
41466,2,0,NA
41467,2,1,0
41468,1,0,1e+07
41469,3,0,4e+07
41471,3,0,0
41472,3,1,1e+07
41473,2,3,0
41474,3,2,NA
41476,1,0,1e+07
41477,2,0,1e+07
41478,2,0,0
41479,3,0,1e+07
41481,2,0,1e+07
41482,3,0,0
41483,3,0,NA
41484,2,0,1e+07
41486,2,0,2e+07
41487,3,0,NA
41488,3,0,0
41489,2,0,NA
41491,2,0,NA
41492,2,0,2e+07
41493,2,0,NA
41494,2,0,NA
41496,1,3,NA
41497,2,0,0
41498,2,0,0
41499,3,0,NA
41501,1,0,NA
41502,2,3,1e+07
41503,2,3,1e+07
41504,4,1,3e+07
41506,3,0,1e+07
41507,2,0,NA
41508,3,0,NA
41509,1,2,0
41511,1,0,1e+07
41512,3,0,1e+07
41513,2,0,NA
41514,2,0,0
41516,2,0,0
41517,2,0,1e+07
41518,3,0,NA
41519,2,0,1e+07
41521,3,0,1e+07
41522,3,0,4e+07
41523,3,0,2e+07
41524,1,0,4e+07
41526,1,0,1e+07
41527,1,0,1e+07
41528,2,0,1e+07
41529,1,0,3e+07
41531,2,0,5e+07
41532,1,0,2e+07
41533,1,0,0
41534,2,3,3e+07
41536,3,2,1e+07
41537,2,0,0
41538,2,0,1e+07
41539,3,0,1e+07
41541,3,0,0
41542,2,0,1e+07
41543,1,0,NA
41544,1,0,NA
41546,3,0,5e+07
41547,2,0,0
41548,1,3,1e+07
41551,2,0,1e+07
41552,1,2,1e+07
41553,3,0,5e+07
41554,2,3,1e+07
41556,1,0,1e+07
41557,3,0,5e+07
41558,1,0,1e+07
41559,1,1,1e+07
41561,3,0,NA
41562,3,0,3e+07
41563,3,0,1e+07
41564,2,0,0
41566,2,0,0
41567,1,1,1e+07
41568,2,0,NA
41569,3,0,0
41571,2,0,0
41572,2,1,1e+07
41573,2,0,NA
41574,2,0,1e+07
41576,2,0,2e+07
41577,3,0,1e+07
41578,2,0,1e+07
41579,2,3,5e+07
41581,2,2,0
41582,3,0,2e+07
41583,2,0,3e+07
41584,2,0,3e+07
41586,1,0,NA
41587,1,0,0
41588,3,0,1e+07
41589,2,0,2e+07
41591,2,0,0
41593,2,0,3e+07
41594,2,0,1e+07
41596,1,0,1e+07
41597,3,0,3e+07
41598,1,0,2e+07
41599,2,0,1e+07
41601,2,0,1e+07
41602,2,0,0
41603,3,0,0
41604,1,0,0
41606,1,0,1e+07
41607,2,0,0
41608,1,1,0
41609,3,0,2e+07
41611,3,0,1e+07
41612,1,0,1e+07
41613,1,0,NA
41614,1,1,0
41616,3,0,0
41617,3,0,1e+07
41618,3,0,2e+07
41619,3,0,1e+07
41621,2,0,NA
41622,1,3,1e+07
41623,3,0,NA
41624,1,0,0
41626,2,2,1e+07
41627,1,0,NA
41628,1,0,NA
41629,1,0,1e+07
41631,2,0,NA
41632,1,1,NA
41633,2,0,1e+07
41634,3,0,0
41636,3,0,1e+07
41637,2,0,1e+07
41638,1,0,1e+07
41639,2,0,5e+07
41641,2,3,1e+07
41642,2,0,NA
41643,2,0,0
41644,3,3,1e+07
41646,3,0,1e+07
41647,2,0,1e+07
41648,3,0,1e+07
41649,2,3,1e+07
41651,2,0,1e+07
41652,2,0,NA
41653,2,1,1e+07
41656,1,1,1e+07
41657,3,0,2e+07
41658,2,0,NA
41659,2,0,NA
41661,3,0,0
41662,2,0,0
41663,1,0,1e+07
41664,2,0,NA
41666,3,0,1e+07
41667,2,0,0
41668,2,0,2e+07
41669,2,1,NA
41671,3,0,2e+07
41672,3,0,NA
41673,1,2,1e+07
41674,2,3,2e+07
41676,2,0,4e+07
41677,3,0,1e+07
41678,1,0,2e+07
41679,3,1,3e+07
41681,2,0,NA
41683,2,2,NA
41684,1,0,NA
41686,1,1,2e+07
41687,3,0,0
41688,2,3,4e+07
41691,1,0,0
41692,1,0,0
41693,1,3,2e+07
41694,2,0,2e+07
41696,4,0,2e+07
41697,1,3,1e+07
41698,2,0,1e+07
41699,2,0,1e+07
41701,2,0,0
41702,3,1,0
41703,1,1,1e+07
41704,2,1,0
41706,2,1,0
41707,2,0,0
41708,3,0,NA
41709,2,0,NA
41711,1,0,NA
41712,2,0,1e+07
41713,3,0,2e+07
41714,1,0,NA
41716,2,0,1e+07
41717,3,0,1e+07
41718,2,3,1e+07
41719,1,0,0
41721,1,0,1e+07
41722,3,0,0
41723,2,0,1e+07
41724,1,0,2e+07
41726,2,0,1e+07
41727,3,0,1e+07
41728,2,0,1e+07
41729,2,0,2e+07
41731,2,0,1e+07
41732,2,0,1e+07
41733,3,1,0
41734,1,1,0
41736,1,3,1e+07
41737,3,0,NA
41738,2,0,NA
41739,2,0,0
41741,2,0,1e+07
41742,2,0,3e+07
41744,2,0,4e+07
41746,2,0,NA
41747,1,0,2e+07
41748,2,0,0
41749,3,0,1e+07
41751,1,0,1e+07
41752,2,2,1e+07
41753,3,0,NA
41754,2,0,0
41756,3,1,1e+07
41757,2,0,NA
41758,3,0,1e+07
41759,2,0,1e+07
41761,1,0,0
41763,2,0,NA
41764,1,0,1e+07
41766,3,0,1e+07
41767,2,0,NA
41768,2,1,1e+07
41771,2,0,2e+07
41772,2,0,1e+07
41773,2,0,1e+07
41774,1,0,NA
41776,2,0,0
41777,1,0,0
41778,2,0,4e+07
41779,1,0,5e+07
41781,1,0,NA
41782,2,3,2e+07
41783,2,0,1e+07
41784,2,0,1e+07
41787,1,0,NA
41788,2,0,4e+07
41789,2,0,1e+07
41791,2,0,1e+07
41792,3,0,NA
41793,2,0,0
41794,2,0,NA
41796,3,0,1e+07
41797,2,0,1e+07
41798,1,0,1e+07
41799,2,3,1e+07
41801,3,0,0
41802,3,0,5e+07
41803,2,0,0
41804,3,0,NA
41806,2,0,1e+07
41807,2,0,2e+07
41808,2,0,1e+07
41809,2,0,NA
41811,1,0,2e+07
41812,2,0,1e+07
41813,2,1,5e+07
41814,2,0,1e+07
41816,1,0,3e+07
41817,1,0,NA
41818,1,0,1e+07
41819,3,0,3e+07
41821,2,0,1e+07
41822,1,0,NA
41823,2,3,1e+07
41824,3,0,2e+07
41826,2,0,2e+07
41827,2,0,4e+07
41828,1,0,3e+07
41829,3,0,1e+07
41832,1,0,1e+07
41833,3,0,1e+07
41834,1,0,1e+07
41836,2,2,NA
41837,3,0,1e+07
41838,3,0,2e+07
41839,3,0,0
41841,2,0,NA
41842,2,3,0
41843,2,0,0
41844,2,0,1e+07
41846,2,3,2e+07
41847,2,0,1e+07
41848,2,1,1e+07
41849,1,0,0
41851,3,0,NA
41852,2,0,2e+07
41853,1,0,0
41854,2,0,4e+07
41856,2,0,1e+07
41857,2,1,0
41858,2,0,0
41859,1,0,NA
41861,2,0,0
41862,1,0,NA
41863,1,0,NA
41864,2,2,1e+07
41866,3,0,NA
41867,2,0,1e+07
41868,2,0,1e+07
41869,2,0,2e+07
41871,2,0,1e+07
41872,3,0,NA
41873,3,0,0
41874,2,0,1e+07
41876,2,2,1e+07
41878,1,0,NA
41879,2,1,4e+07
41881,2,0,NA
41882,1,0,4e+07
41883,2,0,0
41884,3,0,5e+07
41886,1,0,1e+07
41887,1,0,NA
41888,2,2,1e+07
41889,1,0,2e+07
41891,2,0,1e+07
41892,2,0,1e+07
41893,2,0,3e+07
41894,3,0,1e+07
41896,3,1,0
41897,2,0,NA
41898,3,0,1e+07
41899,3,3,1e+07
41901,3,0,1e+07
41902,2,1,1e+07
41903,1,0,1e+07
41904,3,0,0
41906,3,0,NA
41907,3,0,1e+07
41908,1,0,1e+07
41909,2,1,NA
41911,2,0,1e+07
41912,2,0,NA
41913,2,1,0
41914,3,1,0
41916,2,0,1e+07
41917,2,0,NA
41918,2,3,1e+07
41919,2,1,5e+07
41921,3,0,1e+07
41922,2,0,NA
41923,2,0,4e+07
41924,1,1,1e+07
41926,2,0,2e+07
41927,1,0,0
41928,2,0,2e+07
41929,3,0,NA
41931,2,2,0
41932,2,0,3e+07
41933,2,0,1e+07
41934,2,0,1e+07
41936,2,0,1e+07
41937,1,1,4e+07
41938,2,0,0
41939,3,0,1e+07
41941,2,0,1e+07
41942,1,3,2e+07
41943,1,3,1e+07
41946,2,0,1e+07
41947,2,0,1e+07
41948,2,1,0
41949,2,0,1e+07
41951,2,0,1e+07
41952,2,0,0
41953,3,0,NA
41954,2,2,1e+07
41956,2,0,2e+07
41957,3,0,1e+07
41958,2,3,4e+07
41959,1,0,1e+07
41961,2,0,1e+07
41962,2,0,1e+07
41963,2,0,1e+07
41964,2,3,1e+07
41966,1,0,2e+07
41967,2,0,2e+07
41968,2,0,NA
41969,2,0,0
41971,2,0,1e+07
41972,1,0,0
41973,1,0,NA
41976,2,0,1e+07
41977,1,0,3e+07
41978,1,0,NA
41979,2,0,0
41981,3,0,NA
41982,2,0,NA
41983,2,0,2e+07
41984,1,1,0
41986,2,0,1e+07
41987,2,0,1e+07
41988,2,0,NA
41989,2,0,NA
41991,3,1,NA
41992,2,3,5e+07
41993,1,0,1e+07
41994,1,0,0
41996,1,0,NA
41997,1,0,0
41998,2,0,0
42001,2,0,1e+07
42002,2,0,1e+07
42003,1,0,2e+07
42004,2,0,1e+07
42006,2,0,0
42007,2,3,1e+07
42008,1,0,0
42009,2,0,NA
42011,1,0,NA
42012,1,0,0
42013,2,0,1e+07
42014,1,0,0
42016,1,0,1e+07
42017,2,2,0
42018,2,0,NA
42019,1,0,5e+07
42021,3,0,NA
42022,1,0,NA
42024,2,0,5e+07
42026,2,2,NA
42027,1,1,NA
42028,3,0,NA
42031,2,0,3e+07
42032,2,0,0
42033,1,0,NA
42034,1,0,1e+07
42036,2,0,1e+07
42037,1,0,0
42038,2,0,NA
42039,3,0,NA
42041,2,0,2e+07
42042,2,0,NA
42043,2,0,1e+07
42044,2,1,1e+07
42046,2,3,1e+07
42047,2,0,1e+07
42048,3,0,0
42049,2,0,2e+07
42051,1,3,1e+07
42052,2,1,1e+07
42053,2,0,0
42054,2,0,0
42056,2,1,1e+07
42057,2,0,0
42058,2,0,1e+07
42059,2,0,0
42061,2,1,NA
42063,2,0,NA
42064,2,2,0
42066,2,0,1e+07
42067,1,3,1e+07
42068,2,0,5e+07
42069,2,0,1e+07
42071,1,0,1e+07
42072,2,0,1e+07
42073,2,0,NA
42074,3,2,1e+07
42076,1,3,NA
42077,2,0,1e+07
42078,2,0,5e+07
42079,2,0,4e+07
42081,2,0,1e+07
42082,1,3,1e+07
42083,2,0,1e+07
42084,2,0,1e+07
42086,1,2,1e+07
42087,2,0,1e+07
42088,1,3,1e+07
42089,2,0,1e+07
42091,2,0,NA
42092,2,0,1e+07
42093,2,2,NA
42094,1,2,1e+07
42096,2,2,1e+07
42097,2,0,0
42098,2,2,3e+07
42099,2,0,0
42101,2,0,0
42103,2,0,1e+07
42104,3,0,1e+07
42106,3,0,4e+07
42107,2,0,1e+07
42108,2,3,1e+07
42111,2,0,1e+07
42112,2,0,1e+07
42113,2,0,NA
42114,2,0,NA
42116,2,0,1e+07
42117,2,0,1e+07
42118,1,2,1e+07
42119,1,0,NA
42121,1,0,2e+07
42122,2,0,1e+07
42123,2,0,1e+07
42124,2,0,0
42126,2,0,0
42127,2,3,0
42128,2,0,3e+07
42129,2,0,5e+07
42131,1,1,2e+07
42132,1,0,0
42133,2,0,1e+07
42134,2,0,1e+07
42136,1,0,2e+07
42137,2,0,2e+07
42139,1,0,0
42141,1,0,1e+07
42142,2,0,1e+07
42143,2,0,1e+07
42144,1,0,NA
42146,3,1,0
42147,2,0,NA
42148,2,0,NA
42149,2,1,1e+07
42151,2,0,NA
42153,2,0,3e+07
42154,1,0,NA
42156,2,0,0
42157,1,0,NA
42158,2,0,1e+07
42159,1,0,NA
42161,2,0,1e+07
42162,2,0,NA
42163,2,2,5e+07
42164,2,0,1e+07
42166,2,0,0
42167,2,0,NA
42169,1,0,0
42171,1,0,2e+07
42172,1,0,1e+07
42173,1,3,4e+07
42174,2,0,1e+07
42176,1,2,1e+07
42178,2,0,0
42179,2,0,0
42181,1,0,NA
42182,2,0,1e+07
42183,3,0,NA
42184,2,0,NA
42186,2,0,1e+07
42187,2,0,1e+07
42188,2,0,0
42189,1,0,1e+07
42191,2,0,2e+07
42192,1,0,0
42193,2,0,1e+07
42194,2,0,1e+07
42196,2,1,1e+07
42197,2,0,0
42198,2,0,2e+07
42199,2,1,0
42201,2,0,NA
42202,2,0,2e+07
42203,2,0,0
42204,2,1,NA
42206,2,0,1e+07
42207,2,0,1e+07
42208,2,0,0
42209,2,2,0
42211,2,0,NA
42212,2,0,2e+07
42213,2,0,3e+07
42214,2,0,NA
42216,2,0,NA
42217,2,0,1e+07
42218,1,0,0
42219,2,0,0
42221,3,1,NA
42222,3,0,4e+07
42223,1,0,0
42224,2,0,1e+07
42226,1,0,NA
42227,1,0,1e+07
42228,2,0,1e+07
42229,1,0,0
42231,1,0,1e+07
42232,2,0,1e+07
42234,2,0,1e+07
42236,2,0,4e+07
42237,2,3,2e+07
42238,2,3,0
42239,2,0,NA
42241,1,0,NA
42242,1,0,0
42243,1,0,2e+07
42244,2,0,1e+07
42246,1,0,1e+07
42247,2,0,1e+07
42249,1,1,1e+07
42251,2,0,NA
42252,2,0,1e+07
42253,2,0,1e+07
42254,2,0,1e+07
42256,2,0,0
42257,1,0,2e+07
42258,2,0,2e+07
42259,2,0,NA
42261,1,0,1e+07
42262,2,1,2e+07
42263,1,0,4e+07
42264,1,0,0
42266,1,0,0
42267,1,1,0
42268,2,3,2e+07
42269,2,0,1e+07
42271,2,0,2e+07
42272,1,0,0
42273,2,0,0
42274,2,0,0
42276,2,0,1e+07
42278,1,0,NA
42279,1,0,1e+07
42281,2,0,1e+07
42282,1,0,1e+07
42283,2,0,3e+07
42284,2,0,NA
42286,1,0,5e+07
42287,2,0,1e+07
42288,1,0,2e+07
42289,1,0,NA
42291,2,3,1e+07
42292,2,0,0
42293,2,1,NA
42294,2,0,5e+07
42296,1,0,2e+07
42297,1,3,5e+07
42298,2,3,0
42299,2,0,1e+07
42301,2,0,2e+07
42302,1,0,1e+07
42303,2,0,0
42304,2,0,2e+07
42306,1,2,1e+07
42308,2,0,1e+07
42309,2,0,2e+07
42311,1,0,NA
42312,2,0,NA
42313,1,2,NA
42316,1,0,NA
42317,1,0,0
42318,1,0,1e+07
42319,1,0,0
42321,2,0,5e+07
42322,1,0,0
42323,2,0,0
42324,1,0,NA
42326,2,3,1e+07
42327,2,0,2e+07
42328,1,0,NA
42329,1,0,1e+07
42331,1,0,1e+07
42332,2,0,1e+07
42333,1,0,1e+07
42334,2,0,NA
42336,1,0,NA
42337,1,0,1e+07
42338,2,2,2e+07
42339,2,0,0
42341,1,1,NA
42342,1,0,1e+07
42343,1,0,NA
42344,2,0,0
42346,2,0,0
42347,2,0,3e+07
42348,2,0,NA
42349,2,0,1e+07
42351,1,0,0
42352,1,3,2e+07
42353,2,0,2e+07
42354,2,0,1e+07
42356,2,0,0
42357,1,0,NA
42358,1,0,1e+07
42359,1,0,0
42361,3,0,NA
42362,2,0,NA
42364,2,0,3e+07
42367,2,0,2e+07
42368,3,0,0
42369,1,0,NA
42371,1,0,NA
42372,2,1,2e+07
42373,1,0,2e+07
42374,2,0,0
42376,1,0,NA
42377,1,0,0
42378,2,0,0
42379,3,0,1e+07
42381,2,0,1e+07
42382,1,0,1e+07
42383,1,0,NA
42384,2,2,1e+07
42386,2,0,1e+07
42387,2,0,NA
42388,2,1,1e+07
42389,2,0,1e+07
42391,2,2,3e+07
42392,2,0,0
42396,2,0,NA
42397,1,0,NA
42398,2,0,0
42399,1,0,1e+07
42401,1,0,NA
42402,1,0,0
42403,1,1,2e+07
42404,1,0,NA
42406,2,0,0
42407,1,0,1e+07
42408,2,0,1e+07
42409,2,0,2e+07
42411,2,0,1e+07
42412,1,0,0
42413,2,0,NA
42414,2,0,4e+07
42416,2,0,NA
42417,1,0,NA
42418,1,0,0
42419,2,0,NA
42421,2,0,1e+07
42422,2,0,NA
42423,2,0,0
42424,2,2,2e+07
42426,1,0,0
42427,2,0,1e+07
42428,1,1,1e+07
42429,1,0,1e+07
42431,2,0,0
42432,1,0,1e+07
42433,1,0,1e+07
42434,1,0,1e+07
42436,1,0,NA
42437,1,0,1e+07
42438,2,3,5e+07
42439,2,3,1e+07
42441,1,0,2e+07
42442,2,0,NA
42443,1,0,NA
42444,2,0,0
42446,1,0,NA
42447,1,0,0
42448,1,0,1e+07
42449,2,0,1e+07
42451,1,0,0
42452,1,0,NA
42453,2,0,5e+07
42454,2,0,1e+07
42456,2,0,1e+07
42457,1,0,1e+07
42458,3,2,1e+07
42459,2,0,NA
42461,2,0,1e+07
42462,2,0,2e+07
42463,2,0,NA
42464,2,0,NA
42466,1,0,0
42467,1,0,NA
42468,1,0,1e+07
42469,1,3,3e+07
42471,2,0,0
42472,1,0,2e+07
42474,1,0,1e+07
42476,1,0,0
42477,2,0,2e+07
42478,1,0,NA
42479,2,1,0
42481,1,0,NA
42482,1,0,1e+07
42483,2,0,1e+07
42484,1,0,1e+07
42486,2,0,NA
42487,1,0,NA
42488,1,3,0
42489,1,0,2e+07
42491,1,0,NA
42492,1,0,2e+07
42493,1,0,NA
42494,1,0,3e+07
42496,1,0,2e+07
42497,1,1,2e+07
42499,1,0,NA
42501,2,0,1e+07
42502,1,0,2e+07
42503,1,0,2e+07
42504,2,0,1e+07
42506,2,3,2e+07
42507,1,0,2e+07
42508,2,0,0
42509,2,0,NA
42511,1,0,NA
42512,2,0,3e+07
42513,1,0,1e+07
42514,1,2,1e+07
42516,1,2,1e+07
42517,2,0,2e+07
42518,1,3,2e+07
42519,1,0,1e+07
42521,3,3,1e+07
42522,1,0,NA
42523,1,0,5e+07
42526,1,0,0
42527,1,0,2e+07
42528,2,0,5e+07
42529,1,3,0
42531,1,0,0
42532,1,1,1e+07
42533,2,0,2e+07
42534,1,0,NA
42536,2,0,2e+07
42537,1,1,1e+07
42538,1,0,0
42539,2,0,2e+07
42541,1,0,2e+07
42542,2,1,1e+07
42543,2,0,NA
42544,1,0,5e+07
42546,1,0,2e+07
42547,2,3,5e+07
42549,1,0,0
42551,2,0,0
42552,1,0,1e+07
42554,2,3,1e+07
42556,2,0,2e+07
42557,1,0,1e+07
42558,1,0,NA
42559,1,3,2e+07
42561,2,0,4e+07
42562,1,0,0
42563,1,0,0
42564,1,0,NA
42566,1,0,2e+07
42567,2,0,NA
42568,2,3,0
42569,1,2,1e+07
42571,1,0,1e+07
42572,2,0,1e+07
42573,1,0,NA
42574,2,2,1e+07
42576,2,1,1e+07
42577,1,0,0
42578,1,0,NA
42579,1,0,NA
42581,1,0,NA
42582,1,0,NA
42583,2,3,2e+07
42584,2,0,2e+07
42586,1,0,NA
42587,1,1,0
42588,1,0,2e+07
42589,2,2,5e+07
42591,2,3,1e+07
42592,1,0,1e+07
42593,1,0,3e+07
42594,2,0,2e+07
42596,1,0,1e+07
42597,1,0,1e+07
42598,1,0,1e+07
42599,1,0,0
42601,1,0,3e+07
42602,1,3,1e+07
42603,1,0,1e+07
42604,1,0,5e+07
42606,1,0,NA
42607,1,0,1e+07
42608,1,0,NA
42609,1,0,0
42611,1,0,NA
42612,2,3,4e+07
42613,1,1,1e+07
42614,1,0,0
42616,2,0,3e+07
42617,1,0,NA
42618,1,0,0
42619,1,1,2e+07
42621,1,0,0
42622,1,0,NA
42623,1,0,5e+07
42624,1,0,0
42626,1,0,NA
42627,1,0,NA
42628,1,0,5e+07
42629,1,0,1e+07
42631,1,3,4e+07
42632,1,0,NA
42633,1,3,5e+07
42634,1,0,0
42636,1,0,NA
42637,1,0,2e+07
42638,1,0,3e+07
42639,1,3,1e+07
42641,1,0,NA
42642,1,0,0
42643,1,0,1e+07
42644,1,3,2e+07
42646,1,0,1e+07
42647,1,0,0
42648,1,1,1e+07
42649,1,0,NA
42651,1,0,1e+07
42652,1,0,1e+07
42653,1,0,0
42654,1,0,3e+07
42657,1,0,0
42658,1,1,NA
42659,1,0,0
42661,2,1,4e+07
42662,1,0,1e+07
42663,1,0,1e+07
42664,1,0,1e+07
42666,1,0,NA
42667,1,0,NA
42669,1,0,2e+07
42671,1,0,NA
42672,2,0,NA
42673,1,0,NA
42674,1,0,1e+07
42676,1,0,0
42677,1,0,0
42678,1,1,2e+07
42681,1,0,1e+07
42682,1,0,1e+07
42683,1,0,2e+07
42684,1,0,1e+07
42686,1,0,0
42687,1,0,1e+07
42688,1,0,2e+07
42689,1,0,0
42691,1,0,1e+07
42692,1,1,1e+07
42693,1,0,NA
42694,1,0,1e+07
42696,1,0,NA
42698,1,0,NA
42699,1,0,2e+07
42701,1,0,0
42702,1,3,2e+07
42703,1,1,1e+07
42704,1,3,5e+07
42706,1,1,1e+07
42707,1,0,1e+07
42708,1,0,1e+07
42709,1,3,5e+07
42711,1,0,1e+07
42712,1,1,1e+07
42713,1,0,0
42714,1,0,1e+07
42716,1,0,NA
42717,1,0,1e+07
42718,1,3,1e+07
42719,1,0,2e+07
42721,1,0,1e+07
42723,1,0,1e+07
42724,1,0,5e+07
42726,1,0,NA
42727,1,0,NA
42728,1,0,2e+07
42729,1,0,1e+07
42731,1,0,0
42732,1,0,1e+07
42733,1,0,NA
42734,1,0,NA
42736,1,0,1e+07
42737,1,0,NA
42738,1,0,0
42739,1,1,0
42741,1,0,2e+07
42742,1,0,NA
42743,1,3,1e+07
42744,1,0,2e+07
42746,1,0,5e+07
42747,1,0,1e+07
42748,1,0,1e+07
42749,1,0,1e+07
42751,1,0,0
42752,1,0,1e+07
42753,1,0,1e+07
42754,1,1,1e+07
42756,1,3,NA
42757,1,0,0
42758,1,0,NA
42759,1,0,NA
42761,1,0,2e+07
42763,1,0,NA
42764,1,0,NA
42767,1,0,1e+07
42769,1,1,1e+07
42772,1,0,0
42773,1,0,2e+07
42774,1,0,2e+07
42776,1,3,1e+07
42777,1,0,NA
42778,1,0,0
42779,1,0,NA
42781,1,1,NA
42782,1,0,NA
42783,1,3,2e+07
42784,1,0,2e+07
42786,2,0,3e+07
42787,1,0,NA
42788,1,0,1e+07
42789,1,0,NA
42791,1,0,1e+07
42792,1,0,NA
42793,1,0,1e+07
42794,1,0,1e+07
42796,1,0,2e+07
42797,1,0,2e+07
42798,1,0,NA
42799,1,0,NA
42801,1,0,NA
42802,1,0,0
42803,1,0,0
42804,1,0,0
42806,1,0,1e+07
42807,2,0,NA
42808,1,0,5e+07
42809,1,2,4e+07
42811,1,2,NA
42812,1,0,1e+07
42813,1,0,5e+07
42814,1,2,1e+07
42816,1,0,1e+07
42817,1,3,0
42818,1,0,NA
42819,1,0,NA
42821,1,0,NA
42822,1,0,NA
42823,1,3,1e+07
42824,1,0,1e+07
42826,1,0,0
42828,1,0,1e+07
42829,1,0,NA
42831,1,0,0
42832,1,0,2e+07
42833,1,0,1e+07
42834,1,0,NA
42836,1,0,NA
42837,1,3,2e+07
42838,1,1,NA
42839,1,0,NA
42841,1,2,1e+07
42842,1,0,0
42843,1,3,4e+07
42844,1,0,1e+07
42846,1,0,1e+07
42847,1,0,1e+07
42848,1,0,1e+07
42849,1,0,0
42851,1,0,3e+07
42852,1,0,1e+07
42853,1,1,NA
42854,1,0,1e+07
42856,1,3,1e+07
42857,1,0,0
42858,1,0,2e+07
42861,1,0,4e+07
42862,1,0,NA
42864,1,1,1e+07
42866,1,0,1e+07
42867,1,0,0
42868,1,0,5e+07
42869,1,0,1e+07
42872,1,0,0
42873,1,0,NA
42874,1,0,0
42876,1,2,2e+07
42877,1,0,1e+07
42878,1,0,1e+07
42879,1,0,NA
42881,1,2,0
42882,1,0,NA
42883,1,0,NA
42884,1,0,2e+07
42886,1,1,1e+07
42887,1,0,0
42888,1,0,0
42889,1,0,0
42891,1,0,NA
42892,1,1,0
42893,1,0,1e+07
42894,1,0,0
42896,1,0,1e+07
42897,1,0,2e+07
42898,1,0,2e+07
42899,1,0,2e+07
42901,1,0,0
42902,1,0,1e+07
42903,1,1,1e+07
42904,1,0,0
42906,1,0,2e+07
42909,1,0,NA
42911,1,1,1e+07
42912,2,0,5e+07
42913,1,0,NA
42914,1,1,2e+07
42916,1,0,NA
42917,1,0,NA
42918,1,0,NA
42919,1,0,NA
42921,1,0,NA
42922,1,0,4e+07
42923,1,0,1e+07
42926,1,0,NA
42928,2,0,1e+07
42929,1,0,NA
42931,1,0,NA
42932,1,0,1e+07
42933,1,1,0
42934,1,0,2e+07
42936,1,0,NA
42937,1,3,5e+07
42938,1,0,NA
42939,1,0,NA
42941,1,0,0
42942,1,0,NA
42943,1,0,NA
42944,1,0,1e+07
42946,1,2,2e+07
42947,1,0,1e+07
42948,1,0,1e+07
42949,1,0,1e+07
42951,1,0,1e+07
42952,1,0,NA
42953,1,0,0
42954,1,1,0
42957,1,0,4e+07
42958,1,0,0
42959,1,0,2e+07
42961,1,0,3e+07
42962,1,0,NA
42963,1,0,1e+07
42964,1,0,1e+07
42966,1,0,2e+07
42967,1,0,1e+07
42968,1,0,1e+07
42969,1,0,2e+07
42971,1,0,NA
42972,1,0,2e+07
42973,1,3,2e+07
42974,1,1,0
42976,1,3,0
42977,1,0,4e+07
42978,1,0,NA
42979,1,0,NA
42981,1,0,3e+07
42982,1,0,4e+07
42983,1,1,2e+07
42984,1,0,NA
42986,1,3,NA
42987,1,0,NA
42988,1,0,0
42989,1,1,NA
42991,1,0,1e+07
42992,1,0,0
42993,1,0,NA
42994,1,0,NA
42996,1,0,2e+07
42997,1,3,1e+07
42998,1,0,NA
42999,1,0,NA
43001,1,0,4e+07
43002,1,0,NA
43003,1,0,2e+07
43004,1,0,1e+07
43006,1,0,NA
43007,1,0,1e+07
43008,1,0,NA
43009,1,0,NA
43011,1,0,NA
43013,1,0,1e+07
43014,1,0,2e+07
43016,1,0,NA
43017,1,0,5e+07
43018,1,0,0
43019,1,2,4e+07
43021,1,1,0
43022,1,0,2e+07
43023,1,0,2e+07
43024,1,0,0
43026,1,0,4e+07
43027,1,0,5e+07
43028,1,0,0
43029,1,0,1e+07
43031,1,0,NA
43032,1,0,0
43033,1,0,3e+07
43034,1,0,NA
43036,1,0,1e+07
43037,1,0,1e+07
43038,1,0,1e+07
43039,1,3,5e+07
43041,1,0,1e+07
43042,1,0,0
43044,1,0,1e+07
43046,1,0,3e+07
43047,1,0,NA
43048,1,0,0
43049,1,0,1e+07
43051,1,0,1e+07
43052,1,0,0
43053,1,0,NA
43054,1,0,0
43057,1,0,1e+07
43058,1,0,4e+07
43061,1,0,NA
43062,1,0,1e+07
43063,1,2,0
43064,1,0,0
43066,1,0,NA
43067,1,2,1e+07
43068,1,0,1e+07
43069,1,0,1e+07
43071,1,0,NA
43072,1,0,2e+07
43073,1,0,5e+07
43074,1,0,0
43076,1,0,2e+07
43077,1,3,1e+07
43078,1,0,NA
43079,1,0,NA
43081,1,0,3e+07
43082,1,0,2e+07
43083,1,0,4e+07
43084,1,3,1e+07
43086,1,0,0
43087,1,1,1e+07
43088,1,0,0
43089,1,0,NA
43091,1,0,1e+07
43092,1,3,5e+07
43093,1,0,NA
43094,1,0,0
43097,1,0,5e+07
43098,1,0,2e+07
43099,1,0,1e+07
43101,1,0,NA
43102,1,0,3e+07
43103,1,0,5e+07
43106,1,3,1e+07
43107,1,0,1e+07
43111,1,2,2e+07
43113,1,1,1e+07
43114,1,0,1e+07
43117,1,0,NA
43118,1,0,2e+07
43121,1,1,1e+07
43122,1,0,NA
43123,1,0,NA
43124,1,3,1e+07
43126,1,0,1e+07
43127,1,0,NA
43128,1,0,1e+07
43129,1,0,NA
43131,1,0,2e+07
43132,1,1,0
43133,1,0,2e+07
43134,1,0,3e+07
43136,1,0,1e+07
43138,1,0,2e+07
43139,1,0,NA
43141,1,0,NA
43142,1,0,NA
43143,1,0,0
43144,1,0,3e+07
43146,1,0,NA
43147,1,0,0
43148,1,0,0
43149,1,0,0
43151,1,0,0
43152,1,0,NA
43153,1,0,1e+07
43154,1,0,0
43156,1,0,0
43157,1,0,1e+07
43158,1,0,1e+07
43159,1,0,NA
43161,1,0,0
43162,1,0,NA
43163,1,1,1e+07
43164,1,0,NA
43166,1,0,2e+07
43167,1,0,NA
43168,1,0,0
43171,1,0,NA
43172,1,3,4e+07
43173,1,0,NA
43174,1,1,2e+07
43176,1,3,5e+07
43177,1,0,0
43178,1,0,4e+07
43179,1,0,1e+07
43181,1,0,3e+07
43182,1,0,NA
43184,1,0,NA
