"customer_id","Score"
36493,0.77
36494,0.93
36496,0.78
36497,0.81
36498,0.78
36499,0.8
36500,0.86
36501,0.87
36502,0.81
36504,0.85
36505,0.83
36506,0.66
36507,0.82
36509,0.82
36510,0.79
36511,0.77
36512,0.77
36514,0.76
36517,0.84
36518,0.93
36519,0.62
36520,0.8
36522,0.91
36524,0.75
36528,0.77
36532,0.85
36534,0.8
36535,0.83
36537,0.89
36539,0.77
36540,0.74
36542,0.77
36543,0.6
36544,0.78
36547,0.76
36548,0.87
36549,0.79
36552,0.78
36553,0.83
36556,0.88
36557,0.87
36558,0.79
36559,0.91
36560,0.75
36562,0.77
36563,0.81
36565,0.8
36567,0.85
36568,0.86
36569,0.8
36570,0.84
36572,0.78
36574,0.83
36575,0.81
36576,0.77
36577,0.64
36582,0.72
36583,0.73
36584,0.66
36587,0.58
36589,0.88
36590,0.85
36592,0.83
36593,0.77
36594,0.65
36595,0.8
36597,0.87
36599,0.89
36604,0.84
36605,0.73
36606,0.58
36607,0.88
36608,0.9
36610,0.81
36611,0.77
36613,0.78
36614,0.58
36615,0.8
36616,0.89
36617,0.51
36619,0.9
36621,0.77
36622,0.71
36623,0.8
36624,0.75
36626,0.85
36628,0.9
36630,0.87
36632,0.87
36633,0.77
36636,0.76
36637,0.77
36639,0.86
36642,0.77
36644,0.75
36646,0.77
36647,0.8
36648,0.74
36649,0.77
36650,0.72
36652,0.7
36654,0.81
36655,0.8
36656,0.76
36658,0.65
36659,0.88
36660,0.83
36661,0.61
36662,0.87
36664,0.74
36665,0.78
36667,0.81
36668,0.94
36669,0.79
36670,0.58
36671,0.79
36672,0.77
36673,0.81
36674,0.65
36676,0.75
36678,0.68
36679,0.65
36681,0.87
36685,0.94
36686,0.86
36690,0.82
36692,0.86
36693,0.66
36694,0.95
36695,0.72
36696,0.86
36697,0.89
36698,0.91
36699,0.88
36700,0.74
36701,0.81
36702,0.86
36703,0.89
36704,0.88
36706,0.65
36708,0.75
36709,0.54
36710,0.77
36711,0.79
36712,0.74
36714,0.86
36715,0.68
36718,0.82
36719,0.88
36720,0.86
36721,0.8
36724,0.72
36726,0.85
36729,0.77
36731,0.78
36732,0.65
36733,0.82
36734,0.83
36736,0.91
36737,0.64
36738,0.8
36739,0.51
36741,0.65
36742,0.79
36743,0.87
36744,0.82
36745,0.81
36747,0.77
36749,0.83
36750,0.82
36751,0.78
36752,0.8
36754,0.68
36755,0.82
36756,0.79
36757,0.85
36759,0.79
36760,0.71
36761,0.84
36763,0.75
36764,0.51
36767,0.82
36768,0.81
36769,0.72
36770,0.77
36771,0.89
36772,0.62
36773,0.77
36775,0.91
36776,0.79
36777,0.77
36779,0.77
36780,0.8
36781,0.86
36782,0.86
36784,0.86
36785,0.9
36786,0.81
36787,0.78
36788,0.9
36789,0.81
36791,0.85
36795,0.72
36797,0.78
36798,0.92
36799,0.8
36800,0.74
36801,0.87
36804,0.77
36806,0.72
36808,0.78
36809,0.77
36810,0.78
36811,0.85
36816,0.79
36817,0.79
36818,0.81
36820,0.85
36822,0.64
36823,0.65
36825,0.65
36826,0.87
36827,0.89
36828,0.8
36831,0.77
36832,0.87
36834,0.83
36835,0.87
36837,0.76
36840,0.81
36841,0.65
36842,0.79
36846,0.84
36847,0.87
36848,0.86
36849,0.77
36852,0.84
36854,0.8
36855,0.81
36856,0.84
36857,0.82
36859,0.84
36861,0.77
36863,0.8
36866,0.77
36867,0.65
36869,0.78
36872,0.86
36873,0.86
36875,0.82
36876,0.86
36878,0.78
36879,0.79
36880,0.77
36882,0.62
36883,0.81
36885,0.66
36886,0.81
36887,0.69
36888,0.84
36890,0.9
36891,0.89
36892,0.83
36893,0.75
36894,0.77
36895,0.83
36896,0.78
36897,0.9
36899,0.72
36900,0.6
36901,0.77
36902,0.8
36903,0.94
36905,0.76
36906,0.84
36907,0.77
36912,0.8
36914,0.72
36917,0.89
36920,0.84
36921,0.73
36922,0.56
36923,0.57
36924,0.77
36926,0.78
36929,0.77
36934,0.8
36940,0.72
36941,0.77
36942,0.81
36943,0.79
36944,0.74
36945,0.77
36946,0.87
36947,0.86
36948,0.72
36950,0.87
36951,0.58
36952,0.89
36954,0.86
36955,0.81
36958,0.77
36959,0.91
36960,0.7
36963,0.8
36964,0.92
36965,0.88
36966,0.77
36967,0.76
36968,0.81
36969,0.77
36970,0.81
36971,0.77
36972,0.77
36973,0.69
36975,0.67
36978,0.85
36980,0.63
36981,0.77
36982,0.92
36983,0.72
36984,0.59
36986,0.87
36988,0.88
36989,0.84
36990,0.8
36992,0.86
36993,0.79
36994,0.9
36995,0.81
36997,0.77
36999,0.8
37001,0.77
37002,0.79
37004,0.89
37006,0.81
37007,0.86
37008,0.77
37010,0.71
37011,0.79
37013,0.7
37014,0.79
37015,0.79
37017,0.67
37018,0.88
37019,0.8
37021,0.72
37022,0.8
37024,0.86
37025,0.66
37026,0.54
37029,0.51
37030,0.86
37032,0.77
37033,0.87
37034,0.88
37035,0.77
37036,0.78
37037,0.92
37038,0.77
37040,0.82
37042,0.87
37043,0.88
37044,0.9
37046,0.82
37047,0.77
37048,0.64
37049,0.84
37051,0.77
37052,0.72
37054,0.55
37055,0.77
37057,0.9
37058,0.84
37059,0.86
37060,0.82
37061,0.82
37063,0.81
37065,0.79
37068,0.65
37069,0.78
37070,0.92
37071,0.83
37073,0.79
37074,0.93
37075,0.76
37076,0.79
37077,0.83
37078,0.84
37079,0.62
37080,0.93
37081,0.86
37084,0.79
37085,0.81
37086,0.68
37087,0.77
37089,0.86
37091,0.77
37093,0.74
37094,0.89
37095,0.87
37098,0.8
37099,0.9
37100,0.76
37101,0.8
37102,0.85
37104,0.86
37106,0.77
37108,0.81
37109,0.72
37110,0.92
37111,0.77
37113,0.79
37114,0.94
37115,0.65
37117,0.82
37118,0.81
37119,0.83
37120,0.82
37121,0.8
37123,0.77
37124,0.78
37125,0.78
37127,0.6
37129,0.74
37130,0.89
37132,0.79
37133,0.86
37134,0.87
37135,0.77
37136,0.86
37137,0.8
37138,0.83
37139,0.69
37142,0.77
37144,0.8
37145,0.9
37148,0.82
37149,0.77
37150,0.86
37151,0.9
37152,0.79
37153,0.8
37154,0.8
37155,0.85
37157,0.77
37158,0.8
37162,0.8
37164,0.89
37165,0.68
37166,0.77
37167,0.81
37168,0.87
37171,0.77
37173,0.77
37174,0.75
37175,0.79
37176,0.79
37177,0.83
37178,0.84
37180,0.88
37184,0.72
37187,0.69
37191,0.86
37192,0.84
37194,0.79
37196,0.68
37198,0.86
37199,0.77
37200,0.76
37201,0.77
37206,0.77
37209,0.67
37211,0.79
37212,0.77
37213,0.88
37214,0.85
37215,0.55
37216,0.84
37219,0.79
37220,0.89
37221,0.64
37222,0.8
37223,0.77
37226,0.75
37228,0.71
37229,0.77
37231,0.79
37232,0.78
37233,0.87
37234,0.83
37235,0.72
37236,0.73
37238,0.77
37239,0.75
37242,0.81
37244,0.88
37246,0.65
37249,0.86
37250,0.77
37251,0.92
37255,0.81
37256,0.78
37257,0.77
37258,0.79
37259,0.78
37260,0.77
37262,0.92
37263,0.87
37265,0.87
37266,0.86
37270,0.89
37271,0.83
37275,0.87
37276,0.79
37278,0.9
37279,0.8
37281,0.85
37282,0.74
37283,0.89
37284,0.8
37286,0.85
37287,0.83
37290,0.84
37291,0.77
37292,0.84
37293,0.86
37295,0.88
37297,0.8
37298,0.77
37299,0.92
37300,0.84
37302,0.67
37303,0.79
37304,0.79
37305,0.72
37306,0.69
37307,0.84
37308,0.72
37309,0.82
37310,0.77
37311,0.94
37312,0.77
37313,0.78
37314,0.78
37315,0.78
37316,0.68
37317,0.76
37318,0.9
37319,0.83
37320,0.86
37321,0.8
37323,0.72
37324,0.88
37325,0.91
37326,0.77
37327,0.8
37329,0.89
37330,0.77
37331,0.88
37333,0.58
37334,0.84
37335,0.58
37336,0.77
37337,0.77
37340,0.83
37341,0.82
37342,0.8
37343,0.77
37346,0.84
37347,0.72
37348,0.91
37349,0.88
37350,0.75
37351,0.74
37352,0.83
37353,0.75
37354,0.79
37355,0.8
37356,0.77
37357,0.77
37358,0.77
37360,0.72
37362,0.84
37363,0.78
37365,0.79
37366,0.91
37369,0.77
37370,0.77
37371,0.89
37372,0.81
37373,0.84
37374,0.86
37376,0.77
37377,0.7
37378,0.91
37379,0.84
37381,0.86
37383,0.58
37385,0.84
37386,0.72
37388,0.78
37389,0.84
37390,0.79
37393,0.73
37394,0.77
37395,0.84
37396,0.93
37397,0.78
37398,0.55
37401,0.77
37402,0.89
37403,0.77
37405,0.59
37406,0.77
37407,0.8
37408,0.75
37409,0.8
37411,0.77
37412,0.89
37414,0.79
37415,0.79
37416,0.81
37418,0.89
37419,0.87
37420,0.72
37423,0.77
37425,0.92
37427,0.77
37428,0.84
37429,0.77
37430,0.77
37431,0.82
37432,0.82
37433,0.77
37434,0.78
37435,0.77
37436,0.86
37438,0.9
37440,0.81
37441,0.77
37443,0.79
37444,0.88
37445,0.72
37446,0.77
37447,0.8
37448,0.78
37449,0.51
37450,0.83
37453,0.76
37454,0.87
37458,0.71
37459,0.83
37460,0.78
37461,0.94
37462,0.95
37465,0.84
37466,0.89
37467,0.79
37469,0.81
37470,0.72
37473,0.61
37474,0.78
37475,0.83
37476,0.85
37477,0.83
37478,0.77
37479,0.78
37480,0.89
37481,0.58
37482,0.74
37484,0.78
37485,0.81
37486,0.73
37488,0.81
37489,0.84
37490,0.84
37491,0.88
37492,0.77
37493,0.81
37495,0.85
37496,0.65
37497,0.77
37498,0.79
37501,0.74
37502,0.74
37503,0.78
37505,0.77
37506,0.7
37507,0.77
37509,0.77
37511,0.82
37512,0.87
37513,0.77
37514,0.85
37515,0.91
37517,0.81
37518,0.77
37519,0.78
37523,0.67
37524,0.65
37525,0.81
37526,0.64
37527,0.84
37528,0.58
37530,0.77
37533,0.93
37534,0.87
37535,0.8
37537,0.75
37538,0.74
37540,0.85
37543,0.79
37544,0.68
37545,0.8
37546,0.72
37547,0.81
37548,0.8
37549,0.74
37551,0.76
37552,0.84
37553,0.8
37555,0.77
37556,0.82
37557,0.88
37558,0.75
37559,0.92
37560,0.72
37561,0.83
37563,0.77
37565,0.77
37567,0.9
37568,0.86
37570,0.62
37571,0.77
37573,0.87
37574,0.88
37575,0.76
37576,0.7
37577,0.77
37578,0.92
37579,0.5
37580,0.81
37581,0.61
37582,0.81
37583,0.77
37584,0.86
37585,0.77
37589,0.86
37590,0.78
37591,0.84
37594,0.94
37595,0.72
37596,0.79
37599,0.65
37600,0.77
37601,0.86
37603,0.77
37604,0.8
37605,0.79
37607,0.65
37610,0.9
37611,0.91
37612,0.79
37613,0.8
37614,0.81
37615,0.77
37616,0.72
37617,0.58
37620,0.65
37622,0.72
37623,0.87
37624,0.9
37625,0.64
37626,0.66
37627,0.77
37628,0.83
37631,0.9
37632,0.79
37634,0.77
37635,0.83
37636,0.69
37637,0.87
37638,0.9
37639,0.85
37642,0.85
37643,0.83
37645,0.85
37647,0.82
37648,0.72
37649,0.78
37650,0.76
37651,0.89
37652,0.81
37653,0.77
37654,0.78
37655,0.7
37656,0.82
37657,0.86
37658,0.7
37659,0.88
37661,0.77
37662,0.71
37663,0.67
37664,0.92
37667,0.77
37668,0.8
37669,0.82
37672,0.8
37674,0.77
37675,0.65
37676,0.58
37677,0.68
37678,0.79
37679,0.86
37680,0.77
37682,0.79
37683,0.8
37684,0.82
37686,0.87
37687,0.85
37689,0.84
37690,0.72
37693,0.88
37694,0.66
37695,0.77
37698,0.85
37699,0.79
37700,0.86
37702,0.81
37703,0.77
37704,0.66
37705,0.9
37706,0.8
37707,0.6
37709,0.77
37711,0.83
37712,0.78
37713,0.91
37717,0.86
37719,0.75
37720,0.88
37721,0.89
37723,0.89
37725,0.89
37727,0.82
37728,0.82
37729,0.79
37730,0.77
37731,0.65
37732,0.8
37734,0.77
37735,0.7
37736,0.92
37737,0.81
37740,0.78
37741,0.82
37742,0.85
37743,0.84
37744,0.79
37745,0.84
37747,0.84
37749,0.69
37750,0.79
37751,0.65
37752,0.77
37753,0.74
37754,0.77
37755,0.68
37757,0.75
37759,0.79
37761,0.89
37762,0.85
37763,0.77
37764,0.73
37766,0.65
37767,0.8
37768,0.76
37770,0.78
37773,0.85
37774,0.9
37775,0.57
37776,0.93
37778,0.77
37779,0.62
37780,0.78
37781,0.8
37783,0.71
37784,0.8
37785,0.75
37786,0.84
37789,0.79
37791,0.84
37793,0.83
37794,0.83
37795,0.93
37796,0.9
37797,0.86
37798,0.65
37800,0.83
37802,0.82
37804,0.77
37805,0.77
37806,0.77
37807,0.64
37808,0.87
37809,0.76
37810,0.86
37811,0.81
37812,0.87
37813,0.77
37814,0.82
37815,0.77
37817,0.87
37818,0.92
37820,0.68
37822,0.75
37823,0.77
37824,0.76
37825,0.77
37828,0.79
37830,0.77
37832,0.77
37834,0.9
37835,0.66
37836,0.8
37837,0.79
37839,0.77
37840,0.8
37841,0.77
37842,0.87
37843,0.73
37849,0.81
37850,0.85
37852,0.77
37853,0.81
37854,0.72
37855,0.76
37856,0.9
37857,0.85
37858,0.77
37859,0.77
37862,0.73
37863,0.77
37864,0.81
37865,0.73
37866,0.85
37868,0.79
37870,0.81
37871,0.88
37872,0.72
37873,0.77
37874,0.9
37875,0.83
37876,0.76
37877,0.83
37878,0.77
37879,0.79
37880,0.77
37881,0.87
37884,0.77
37885,0.58
37889,0.75
37891,0.87
37893,0.8
37894,0.77
37895,0.79
37896,0.81
37898,0.8
37900,0.86
37902,0.77
37904,0.58
37908,0.76
37909,0.83
37911,0.82
37913,0.77
37914,0.88
37915,0.69
37916,0.77
37917,0.9
37918,0.8
37919,0.77
37920,0.79
37923,0.77
37924,0.77
37926,0.9
37927,0.79
37928,0.74
37929,0.8
37930,0.77
37931,0.8
37933,0.82
37935,0.89
37936,0.9
37938,0.65
37939,0.58
37941,0.68
37942,0.72
37943,0.76
37945,0.89
37946,0.57
37947,0.62
37949,0.74
37950,0.77
37951,0.78
37954,0.62
37955,0.85
37959,0.8
37961,0.76
37963,0.77
37964,0.91
37965,0.58
37968,0.92
37969,0.77
37970,0.81
37972,0.72
37973,0.7
37974,0.85
37975,0.9
37976,0.79
37977,0.73
37979,0.78
37980,0.81
37981,0.79
37983,0.87
37985,0.81
37988,0.87
37989,0.77
37991,0.77
37992,0.77
37993,0.74
37994,0.9
37997,0.9
37999,0.69
38001,0.8
38004,0.77
38005,0.77
38006,0.77
38007,0.78
38008,0.78
38010,0.8
38011,0.79
38012,0.78
38013,0.8
38014,0.87
38015,0.77
38017,0.83
38018,0.89
38019,0.83
38020,0.79
38021,0.86
38022,0.79
38023,0.82
38024,0.78
38026,0.77
38027,0.79
38029,0.85
38030,0.77
38031,0.69
38032,0.58
38035,0.76
38036,0.71
38037,0.91
38038,0.57
38039,0.77
38040,0.79
38041,0.91
38043,0.82
38045,0.77
38046,0.77
38047,0.86
38048,0.82
38049,0.77
38052,0.77
38053,0.8
38054,0.86
38055,0.83
38056,0.55
38057,0.79
38059,0.83
38060,0.63
38061,0.87
38064,0.95
38068,0.71
38069,0.77
38071,0.79
38072,0.64
38073,0.77
38074,0.92
38075,0.81
38076,0.86
38078,0.81
38079,0.67
38081,0.88
38082,0.65
38083,0.77
38084,0.88
38085,0.81
38086,0.66
38087,0.83
38088,0.77
38089,0.91
38090,0.79
38092,0.77
38093,0.86
38094,0.77
38095,0.88
38097,0.77
38098,0.69
38099,0.75
38101,0.77
38102,0.8
38103,0.91
38107,0.84
38108,0.65
38111,0.86
38112,0.91
38114,0.77
38115,0.83
38116,0.77
38117,0.87
38118,0.82
38119,0.77
38120,0.82
38122,0.58
38123,0.9
38124,0.79
38125,0.82
38126,0.9
38127,0.83
38128,0.8
38129,0.77
38130,0.91
38131,0.84
38132,0.79
38134,0.6
38135,0.77
38136,0.77
38137,0.76
38138,0.78
38139,0.87
38140,0.77
38141,0.82
38143,0.8
38144,0.81
38146,0.82
38147,0.73
38148,0.84
38149,0.72
38151,0.86
38152,0.85
38153,0.79
38154,0.77
38155,0.88
38156,0.88
38158,0.78
38159,0.83
38160,0.5
38161,0.89
38163,0.83
38165,0.86
38166,0.7
38167,0.6
38168,0.72
38169,0.82
38170,0.83
38174,0.68
38175,0.79
38176,0.76
38177,0.77
38178,0.84
38179,0.77
38180,0.73
38181,0.78
38182,0.77
38185,0.84
38187,0.84
38188,0.89
38190,0.76
38191,0.77
38192,0.79
38193,0.85
38194,0.6
38196,0.69
38197,0.87
38198,0.67
38199,0.82
38201,0.83
38202,0.87
38203,0.84
38204,0.72
38206,0.77
38207,0.79
38208,0.74
38211,0.77
38212,0.77
38213,0.65
38214,0.77
38215,0.77
38216,0.69
38218,0.77
38219,0.77
38220,0.77
38221,0.73
38222,0.85
38225,0.78
38227,0.87
38229,0.83
38231,0.83
38232,0.73
38233,0.66
38234,0.8
38235,0.84
38236,0.86
38238,0.8
38239,0.77
38242,0.89
38243,0.83
38244,0.79
38247,0.92
38249,0.84
38250,0.77
38251,0.83
38253,0.87
38255,0.77
38256,0.79
38258,0.85
38259,0.77
38260,0.58
38261,0.85
38263,0.8
38265,0.77
38271,0.51
38272,0.89
38273,0.82
38274,0.86
38276,0.81
38278,0.87
38280,0.8
38281,0.81
38282,0.86
38283,0.86
38284,0.85
38285,0.52
38286,0.89
38287,0.83
38288,0.87
38289,0.81
38290,0.84
38291,0.65
38292,0.69
38293,0.86
38295,0.79
38296,0.68
38297,0.77
38299,0.79
38300,0.94
38301,0.84
38302,0.87
38303,0.77
38304,0.82
38305,0.91
38306,0.82
38308,0.77
38310,0.92
38311,0.76
38312,0.72
38313,0.79
38315,0.84
38316,0.77
38320,0.77
38321,0.77
38322,0.77
38323,0.84
38325,0.54
38328,0.76
38329,0.83
38330,0.79
38331,0.8
38332,0.89
38333,0.82
38334,0.5
38336,0.85
38338,0.9
38340,0.94
38341,0.89
38343,0.79
38344,0.79
38345,0.77
38349,0.85
38350,0.83
38351,0.77
38353,0.81
38354,0.79
38355,0.77
38356,0.8
38363,0.77
38364,0.87
38365,0.86
38366,0.9
38367,0.74
38369,0.83
38370,0.65
38371,0.73
38372,0.72
38373,0.62
38375,0.81
38377,0.78
38378,0.84
38379,0.84
38380,0.86
38383,0.77
38386,0.77
38387,0.86
38390,0.86
38391,0.55
38392,0.86
38393,0.84
38394,0.51
38395,0.75
38396,0.84
38397,0.8
38399,0.87
38402,0.8
38404,0.79
38405,0.76
38406,0.8
38407,0.77
38408,0.83
38409,0.77
38413,0.77
38415,0.77
38416,0.77
38417,0.77
38420,0.75
38421,0.8
38422,0.77
38423,0.91
38424,0.81
38425,0.83
38426,0.82
38427,0.76
38428,0.65
38429,0.81
38430,0.62
38431,0.8
38432,0.77
38435,0.94
38436,0.83
38437,0.69
38438,0.86
38439,0.5
38440,0.81
38442,0.65
38443,0.51
38444,0.72
38445,0.65
38447,0.77
38451,0.78
38452,0.79
38453,0.8
38454,0.8
38455,0.85
38456,0.74
38457,0.77
38458,0.84
38459,0.85
38462,0.77
38464,0.83
38468,0.78
38469,0.77
38470,0.77
38471,0.83
38472,0.77
38473,0.73
38474,0.77
38475,0.79
38476,0.77
38477,0.8
38478,0.78
38479,0.88
38480,0.85
38481,0.8
38482,0.8
38483,0.81
38485,0.75
38487,0.86
38489,0.62
38491,0.79
38492,0.65
38493,0.68
38494,0.81
38495,0.72
38496,0.5
38497,0.77
38498,0.77
38501,0.77
38503,0.64
38504,0.85
38507,0.8
38508,0.77
38509,0.89
38510,0.87
38512,0.73
38513,0.91
38514,0.77
38515,0.72
38516,0.79
38517,0.77
38518,0.77
38520,0.76
38521,0.64
38522,0.77
38523,0.62
38525,0.75
38527,0.77
38530,0.8
38531,0.8
38532,0.69
38533,0.77
38534,0.85
38535,0.83
38538,0.81
38540,0.82
38542,0.81
38543,0.68
38544,0.85
38545,0.58
38546,0.77
38547,0.87
38548,0.72
38549,0.81
38550,0.94
38551,0.8
38555,0.8
38556,0.77
38558,0.85
38560,0.81
38562,0.65
38563,0.73
38564,0.72
38565,0.87
38566,0.85
38567,0.79
38568,0.8
38569,0.65
38570,0.8
38571,0.79
38574,0.78
38576,0.91
38577,0.77
38578,0.86
38579,0.77
38580,0.77
38581,0.77
38582,0.72
38583,0.88
38584,0.71
38585,0.58
38587,0.71
38589,0.81
38590,0.84
38591,0.84
38592,0.77
38593,0.78
38595,0.85
38598,0.81
38599,0.93
38600,0.72
38601,0.73
38603,0.81
38605,0.89
38607,0.83
38608,0.83
38610,0.86
38613,0.77
38615,0.8
38616,0.77
38617,0.78
38618,0.8
38620,0.77
38622,0.66
38623,0.88
38625,0.72
38627,0.87
38629,0.82
38630,0.77
38631,0.85
38632,0.77
38633,0.9
38634,0.87
38635,0.81
38636,0.8
38637,0.69
38638,0.83
38639,0.79
38640,0.77
38641,0.87
38642,0.84
38643,0.51
38645,0.79
38646,0.77
38648,0.72
38649,0.77
38651,0.77
38653,0.69
38654,0.74
38656,0.8
38657,0.85
38658,0.72
38659,0.58
38660,0.82
38661,0.74
38662,0.84
38663,0.8
38664,0.79
38665,0.83
38666,0.58
38667,0.8
38668,0.63
38669,0.79
38670,0.65
38671,0.72
38675,0.8
38676,0.83
38677,0.72
38678,0.8
38681,0.83
38682,0.89
38684,0.85
38686,0.82
38687,0.81
38689,0.81
38692,0.83
38693,0.77
38694,0.83
38695,0.85
38698,0.9
38700,0.77
38701,0.83
38702,0.85
38703,0.82
38704,0.8
38708,0.69
38709,0.72
38710,0.89
38711,0.87
38713,0.65
38714,0.77
38715,0.78
38716,0.77
38717,0.81
38718,0.86
38720,0.87
38721,0.89
38723,0.89
38725,0.9
38729,0.8
38731,0.82
38732,0.67
38733,0.8
38734,0.8
38735,0.77
38737,0.85
38739,0.72
38740,0.77
38741,0.78
38742,0.8
38743,0.79
38744,0.77
38745,0.92
38747,0.83
38748,0.79
38749,0.83
38752,0.77
38753,0.85
38754,0.65
38755,0.91
38756,0.78
38758,0.87
38759,0.79
38760,0.77
38761,0.9
38762,0.77
38764,0.94
38765,0.65
38766,0.79
38768,0.78
38769,0.74
38770,0.65
38772,0.9
38774,0.8
38775,0.79
38776,0.69
38778,0.9
38779,0.77
38780,0.77
38781,0.88
38782,0.79
38783,0.77
38785,0.86
38787,0.65
38788,0.55
38789,0.79
38790,0.55
38793,0.85
38794,0.77
38795,0.79
38797,0.8
38800,0.91
38802,0.65
38803,0.77
38805,0.81
38808,0.79
38809,0.81
38810,0.81
38811,0.75
38812,0.94
38813,0.9
38815,0.88
38816,0.8
38819,0.89
38820,0.77
38821,0.8
38822,0.81
38824,0.8
38827,0.84
38828,0.79
38830,0.89
38831,0.83
38835,0.77
38837,0.94
38838,0.77
38839,0.78
38840,0.92
38842,0.83
38843,0.77
38844,0.77
38845,0.64
38847,0.78
38849,0.93
38850,0.82
38851,0.87
38852,0.83
38853,0.91
38854,0.9
38855,0.78
38856,0.77
38858,0.87
38859,0.69
38861,0.72
38862,0.94
38864,0.85
38865,0.78
38866,0.88
38867,0.82
38868,0.62
38869,0.77
38871,0.86
38874,0.58
38875,0.68
38876,0.71
38877,0.73
38878,0.8
38880,0.77
38882,0.77
38883,0.78
38884,0.77
38885,0.77
38886,0.78
38887,0.89
38889,0.65
38890,0.78
38891,0.77
38892,0.87
38893,0.77
38896,0.82
38897,0.58
38900,0.89
38901,0.7
38902,0.62
38905,0.77
38906,0.82
38908,0.8
38909,0.87
38911,0.8
38912,0.86
38914,0.89
38915,0.86
38917,0.79
38918,0.87
38919,0.51
38920,0.77
38921,0.76
38922,0.8
38923,0.91
38926,0.85
38927,0.68
38928,0.54
38929,0.78
38930,0.75
38931,0.73
38932,0.92
38934,0.75
38935,0.65
38937,0.77
38939,0.8
38942,0.9
38943,0.8
38944,0.78
38945,0.77
38947,0.75
38948,0.77
38949,0.74
38950,0.77
38951,0.55
38955,0.73
38956,0.77
38957,0.68
38959,0.77
38960,0.82
38962,0.82
38963,0.77
38965,0.77
38966,0.77
38969,0.7
38970,0.6
38971,0.59
38975,0.65
38976,0.7
38979,0.72
38982,0.58
38984,0.65
38985,0.72
38986,0.79
38987,0.77
38989,0.84
38990,0.83
38991,0.81
38992,0.89
38993,0.58
38994,0.68
38995,0.68
38996,0.77
38997,0.77
38998,0.77
38999,0.77
39000,0.8
39001,0.78
39003,0.53
39005,0.73
39006,0.65
39007,0.61
39009,0.77
39011,0.74
39012,0.82
39015,0.79
39016,0.77
39018,0.74
39021,0.79
39022,0.72
39023,0.83
39024,0.72
39025,0.8
39026,0.89
39027,0.77
39029,0.8
39030,0.5
39031,0.83
39033,0.86
39034,0.82
39035,0.71
39036,0.77
39037,0.84
39040,0.77
39041,0.78
39042,0.65
39043,0.77
39044,0.69
39045,0.57
39046,0.72
39048,0.77
39049,0.74
39050,0.77
39051,0.57
39052,0.91
39054,0.71
39055,0.77
39056,0.78
39058,0.84
39059,0.85
39060,0.73
39061,0.79
39062,0.74
39063,0.76
39066,0.8
39067,0.68
39068,0.74
39069,0.79
39070,0.73
39074,0.83
39076,0.93
39078,0.77
39079,0.8
39080,0.87
39082,0.77
39083,0.72
39084,0.69
39085,0.74
39086,0.86
39088,0.76
39090,0.77
39091,0.82
39092,0.59
39093,0.51
39095,0.9
39096,0.83
39099,0.7
39100,0.85
39102,0.91
39103,0.71
39105,0.73
39108,0.76
39110,0.88
39111,0.77
39113,0.77
39114,0.82
39116,0.77
39117,0.7
39119,0.77
39122,0.76
39123,0.55
39127,0.72
39128,0.83
39129,0.78
39130,0.79
39131,0.95
39134,0.83
39136,0.78
39137,0.55
39138,0.8
39140,0.84
39141,0.85
39143,0.81
39144,0.87
39146,0.78
39148,0.8
39149,0.79
39150,0.87
39151,0.91
39153,0.79
39155,0.72
39157,0.65
39158,0.86
39161,0.88
39162,0.78
39163,0.78
39164,0.77
39166,0.77
39167,0.79
39171,0.82
39172,0.74
39173,0.79
39174,0.73
39175,0.79
39177,0.65
39178,0.7
39179,0.63
39182,0.8
39183,0.81
39185,0.74
39187,0.77
39188,0.69
39189,0.87
39190,0.91
39191,0.77
39192,0.84
39193,0.89
39194,0.72
39196,0.81
39198,0.85
39200,0.7
39201,0.77
39204,0.73
39207,0.76
39208,0.7
39209,0.72
39210,0.85
39214,0.79
39215,0.58
39216,0.88
39217,0.9
39218,0.78
39219,0.74
39220,0.77
39221,0.8
39223,0.89
39224,0.81
39225,0.84
39226,0.77
39227,0.69
39228,0.76
39229,0.79
39230,0.62
39232,0.81
39233,0.86
39234,0.77
39236,0.8
39237,0.88
39238,0.85
39239,0.81
39240,0.9
39241,0.72
39242,0.75
39243,0.72
39244,0.76
39246,0.86
39247,0.79
39248,0.79
39249,0.74
39250,0.82
39252,0.72
39253,0.78
39254,0.81
39255,0.77
39256,0.79
39257,0.81
39258,0.9
39259,0.79
39261,0.69
39264,0.6
39265,0.8
39266,0.86
39268,0.72
39269,0.82
39270,0.78
39271,0.75
39272,0.65
39273,0.85
39274,0.65
39275,0.76
39276,0.79
39277,0.77
39278,0.78
39279,0.79
39280,0.77
39281,0.73
39282,0.81
39284,0.7
39285,0.79
39287,0.77
39288,0.68
39289,0.65
39292,0.86
39293,0.77
39294,0.87
39295,0.79
39296,0.76
39297,0.84
39298,0.79
39301,0.65
39302,0.87
39303,0.92
39304,0.77
39305,0.77
39306,0.85
39308,0.65
39310,0.69
39312,0.64
39313,0.79
39314,0.79
39315,0.77
39317,0.69
39319,0.76
39320,0.77
39321,0.77
39325,0.77
39326,0.83
39327,0.83
39328,0.79
39330,0.8
39331,0.81
39332,0.83
39333,0.72
39337,0.84
39338,0.8
39339,0.58
39340,0.72
39342,0.8
39344,0.91
39347,0.71
39348,0.69
39349,0.51
39350,0.71
39351,0.87
39352,0.77
39353,0.76
39354,0.75
39355,0.77
39357,0.82
39360,0.72
39361,0.9
39362,0.9
39363,0.78
39365,0.78
39366,0.8
39368,0.66
39371,0.8
39372,0.63
39373,0.6
39374,0.77
39375,0.67
39376,0.89
39377,0.82
39378,0.65
39379,0.77
39381,0.58
39382,0.82
39384,0.81
39385,0.79
39387,0.81
39388,0.84
39389,0.77
39390,0.77
39391,0.54
39392,0.77
39393,0.73
39394,0.67
39395,0.79
39397,0.74
39398,0.58
39399,0.92
39400,0.65
39402,0.77
39403,0.67
39405,0.8
39406,0.81
39407,0.89
39408,0.77
39409,0.73
39412,0.59
39413,0.77
39414,0.77
39416,0.86
39417,0.72
39418,0.77
39420,0.77
39422,0.78
39424,0.8
39425,0.69
39426,0.61
39428,0.81
39429,0.8
39430,0.77
39435,0.79
39436,0.8
39437,0.82
39438,0.77
39439,0.75
39440,0.65
39441,0.77
39442,0.81
39447,0.87
39449,0.58
39450,0.66
39452,0.71
39453,0.77
39454,0.65
39455,0.7
39456,0.79
39457,0.76
39458,0.87
39460,0.85
39463,0.77
39464,0.66
39466,0.78
39469,0.77
39471,0.8
39472,0.77
39473,0.79
39474,0.8
39475,0.63
39476,0.71
39478,0.57
39479,0.81
39481,0.84
39482,0.86
39483,0.64
39484,0.85
39485,0.75
39486,0.91
39488,0.83
39490,0.65
39491,0.67
39492,0.77
39493,0.8
39494,0.81
39495,0.81
39497,0.77
39498,0.77
39501,0.84
39502,0.62
39505,0.64
39506,0.71
39508,0.69
39509,0.92
39510,0.82
39512,0.82
39514,0.65
39515,0.76
39518,0.77
39519,0.57
39520,0.8
39523,0.72
39524,0.76
39525,0.81
39526,0.68
39527,0.77
39528,0.78
39529,0.93
39531,0.65
39532,0.86
39533,0.77
39534,0.89
39535,0.81
39536,0.83
39538,0.65
39540,0.79
39541,0.77
39543,0.77
39544,0.71
39545,0.79
39547,0.72
39548,0.83
39549,0.79
39551,0.77
39552,0.77
39554,0.77
39555,0.88
39556,0.78
39558,0.77
39560,0.75
39561,0.79
39562,0.77
39564,0.79
39565,0.67
39566,0.8
39568,0.78
39569,0.61
39571,0.77
39572,0.82
39573,0.77
39574,0.62
39576,0.77
39578,0.78
39579,0.54
39581,0.81
39584,0.87
39585,0.85
39588,0.74
39590,0.73
39591,0.77
39593,0.79
39594,0.66
39595,0.86
39596,0.76
39598,0.85
39599,0.77
39600,0.77
39601,0.73
39603,0.8
39604,0.9
39606,0.79
39607,0.9
39608,0.78
39609,0.72
39612,0.95
39613,0.82
39615,0.76
39617,0.71
39618,0.83
39620,0.65
39621,0.87
39625,0.9
39627,0.77
39628,0.8
39629,0.83
39634,0.77
39636,0.79
39637,0.6
39639,0.8
39641,0.82
39645,0.87
39647,0.83
39648,0.89
39649,0.86
39650,0.77
39652,0.8
39653,0.9
39655,0.91
39656,0.78
39657,0.8
39658,0.9
39659,0.77
39660,0.88
39662,0.77
39663,0.87
39664,0.86
39666,0.83
39668,0.8
39671,0.83
39672,0.78
39674,0.94
39675,0.8
39677,0.81
39678,0.8
39680,0.79
39682,0.71
39683,0.77
39684,0.54
39685,0.81
39686,0.91
39687,0.77
39689,0.8
39691,0.9
39692,0.8
39693,0.84
39694,0.92
39696,0.79
39697,0.62
39699,0.78
39702,0.83
39703,0.87
39704,0.8
39705,0.77
39707,0.72
39708,0.8
39709,0.65
39710,0.77
39712,0.84
39713,0.89
39715,0.77
39716,0.79
39718,0.62
39719,0.81
39720,0.64
39721,0.8
39722,0.77
39723,0.8
39724,0.77
39725,0.86
39726,0.77
39727,0.89
39729,0.8
39730,0.9
39731,0.55
39732,0.86
39733,0.82
39734,0.89
39736,0.64
39737,0.69
39738,0.6
39739,0.81
39740,0.51
39745,0.83
39747,0.79
39748,0.77
39750,0.58
39751,0.86
39752,0.79
39754,0.85
39755,0.86
39756,0.82
39757,0.81
39758,0.92
39759,0.83
39760,0.87
39761,0.85
39762,0.77
39764,0.68
39765,0.89
39768,0.64
39769,0.84
39770,0.79
39771,0.65
39773,0.62
39774,0.86
39776,0.86
39777,0.76
39778,0.85
39782,0.84
39784,0.7
39785,0.67
39787,0.52
39788,0.86
39789,0.61
39791,0.94
39792,0.77
39793,0.69
39794,0.87
39796,0.88
39797,0.79
39798,0.8
39799,0.85
39800,0.77
39801,0.54
39803,0.62
39806,0.77
39808,0.89
39809,0.8
39811,0.77
39813,0.77
39816,0.85
39818,0.72
39820,0.81
39822,0.81
39823,0.92
39824,0.79
39828,0.76
39829,0.72
39830,0.8
39832,0.85
39833,0.84
39835,0.69
39837,0.85
39838,0.85
39839,0.8
39840,0.79
39841,0.9
39842,0.7
39843,0.58
39844,0.54
39845,0.77
39846,0.6
39849,0.77
39850,0.93
39853,0.93
39854,0.73
39856,0.75
39857,0.78
39858,0.77
39859,0.77
39860,0.82
39861,0.81
39862,0.78
39863,0.84
39867,0.77
39868,0.77
39870,0.8
39871,0.65
39872,0.72
39873,0.57
39874,0.65
39875,0.69
39877,0.81
39878,0.8
39879,0.82
39880,0.59
39883,0.72
39884,0.77
39885,0.81
39886,0.79
39888,0.89
39889,0.86
39890,0.75
39893,0.89
39894,0.78
39896,0.63
39900,0.77
39901,0.83
39902,0.79
39904,0.65
39905,0.84
39906,0.84
39907,0.77
39908,0.67
39910,0.57
39913,0.9
39914,0.85
39915,0.77
39916,0.77
39917,0.65
39918,0.54
39919,0.82
39920,0.58
39921,0.91
39923,0.79
39924,0.81
39925,0.8
39926,0.74
39927,0.8
39929,0.8
39931,0.74
39932,0.77
39935,0.89
39936,0.79
39937,0.84
39938,0.79
39939,0.8
39941,0.77
39942,0.62
39943,0.58
39944,0.77
39945,0.8
39946,0.79
39949,0.61
39950,0.77
39952,0.78
39953,0.82
39954,0.63
39955,0.94
39956,0.89
39957,0.61
39958,0.86
39959,0.56
39962,0.56
39963,0.75
39966,0.83
39969,0.8
39970,0.91
39971,0.8
39973,0.8
39974,0.85
39975,0.78
39976,0.77
39977,0.77
39978,0.78
39980,0.9
39981,0.68
39982,0.88
39984,0.94
39989,0.69
39990,0.8
39991,0.83
39992,0.65
39993,0.79
39994,0.87
39995,0.59
39996,0.79
39998,0.75
40003,0.59
40004,0.65
40009,0.81
40012,0.77
40014,0.79
40017,0.72
40018,0.8
40019,0.77
40020,0.63
40022,0.93
40023,0.81
40024,0.86
40025,0.78
40027,0.86
40028,0.79
40031,0.72
40034,0.72
40035,0.77
40036,0.81
40037,0.88
40038,0.9
40040,0.69
40041,0.73
40043,0.8
40044,0.74
40045,0.69
40046,0.81
40048,0.77
40050,0.75
40051,0.87
40053,0.8
40054,0.77
40055,0.65
40057,0.83
40058,0.87
40059,0.77
40060,0.72
40061,0.9
40062,0.75
40063,0.71
40064,0.65
40071,0.6
40072,0.77
40073,0.63
40074,0.81
40076,0.65
40077,0.87
40078,0.81
40079,0.76
40080,0.51
40082,0.77
40084,0.83
40087,0.77
40088,0.8
40090,0.76
40093,0.72
40095,0.74
40096,0.83
40097,0.81
40098,0.85
40099,0.86
40100,0.77
40101,0.8
40103,0.77
40105,0.77
40106,0.78
40108,0.73
40109,0.82
40110,0.78
40112,0.78
40113,0.78
40114,0.93
40116,0.72
40118,0.78
40120,0.89
40121,0.8
40122,0.84
40123,0.77
40124,0.76
40125,0.54
40126,0.8
40127,0.77
40128,0.78
40130,0.77
40131,0.79
40134,0.72
40135,0.77
40136,0.51
40137,0.77
40138,0.65
40139,0.83
40140,0.8
40141,0.83
40142,0.78
40143,0.79
40145,0.77
40147,0.86
40148,0.92
40149,0.77
40150,0.8
40151,0.93
40152,0.77
40155,0.78
40157,0.79
40158,0.8
40159,0.68
40161,0.8
40162,0.85
40163,0.79
40165,0.72
40167,0.85
40168,0.9
40170,0.83
40171,0.81
40173,0.94
40175,0.78
40176,0.91
40177,0.77
40178,0.77
40179,0.83
40180,0.87
40182,0.77
40183,0.78
40185,0.62
40186,0.84
40189,0.73
40190,0.79
40191,0.79
40194,0.74
40195,0.92
40196,0.84
40197,0.59
40198,0.79
40199,0.86
40201,0.78
40202,0.72
40204,0.78
40205,0.82
40206,0.77
40207,0.72
40209,0.76
40210,0.88
40211,0.8
40212,0.77
40214,0.77
40215,0.9
40217,0.87
40218,0.87
40219,0.91
40221,0.8
40223,0.77
40224,0.87
40225,0.88
40228,0.55
40229,0.79
40230,0.91
40231,0.66
40232,0.93
40233,0.89
40235,0.8
40236,0.78
40239,0.88
40240,0.87
40244,0.79
40248,0.58
40251,0.73
40256,0.77
40262,0.77
40263,0.79
40264,0.86
40265,0.79
40266,0.8
40267,0.71
40268,0.77
40269,0.86
40270,0.65
40271,0.61
40273,0.8
40275,0.8
40277,0.8
40278,0.54
40279,0.94
40282,0.82
40283,0.77
40285,0.62
40286,0.74
40287,0.54
40288,0.8
40289,0.84
40290,0.77
40291,0.77
40293,0.85
40294,0.78
40295,0.82
40296,0.79
40297,0.77
40299,0.88
40301,0.8
40302,0.79
40303,0.77
40304,0.77
40305,0.79
40307,0.72
40308,0.79
40310,0.89
40311,0.91
40312,0.84
40313,0.77
40314,0.8
40315,0.8
40318,0.8
40319,0.77
40320,0.78
40321,0.8
40322,0.8
40323,0.82
40324,0.77
40326,0.79
40327,0.7
40329,0.78
40330,0.77
40332,0.83
40333,0.77
40334,0.82
40335,0.81
40336,0.9
40337,0.69
40338,0.77
40340,0.79
40342,0.8
40344,0.85
40346,0.78
40349,0.71
40353,0.81
40355,0.69
40357,0.67
40358,0.8
40359,0.72
40361,0.89
40363,0.89
40364,0.82
40366,0.79
40367,0.72
40368,0.66
40369,0.83
40370,0.77
40371,0.77
40372,0.77
40374,0.59
40375,0.8
40376,0.83
40377,0.8
40378,0.6
40380,0.58
40381,0.77
40383,0.77
40384,0.76
40386,0.78
40387,0.77
40388,0.64
40389,0.94
40391,0.76
40393,0.71
40395,0.51
40396,0.9
40397,0.82
40398,0.86
40399,0.77
40401,0.89
40403,0.81
40405,0.94
40410,0.78
40412,0.63
40413,0.86
40414,0.68
40417,0.81
40418,0.7
40420,0.78
40422,0.73
40423,0.81
40424,0.77
40425,0.6
40426,0.77
40427,0.78
40428,0.78
40429,0.85
40432,0.77
40435,0.9
40436,0.87
40437,0.58
40439,0.85
40440,0.78
40441,0.79
40445,0.85
40446,0.79
40448,0.8
40450,0.85
40451,0.78
40453,0.74
40455,0.81
40457,0.74
40458,0.9
40460,0.9
40463,0.79
40464,0.85
40466,0.81
40468,0.81
40470,0.64
40471,0.79
40472,0.84
40473,0.85
40476,0.8
40477,0.77
40479,0.6
40480,0.82
40482,0.77
40483,0.72
40484,0.62
40486,0.62
40487,0.77
40490,0.79
40491,0.81
40492,0.81
40493,0.77
40494,0.77
40495,0.9
40496,0.81
40497,0.82
40499,0.73
40500,0.83
40501,0.77
40502,0.66
40503,0.85
40504,0.8
40505,0.87
40507,0.77
40508,0.83
40509,0.52
40510,0.51
40511,0.77
40512,0.77
40513,0.83
40514,0.9
40518,0.8
40519,0.81
40522,0.75
40525,0.77
40526,0.8
40528,0.7
40529,0.61
40530,0.84
40531,0.86
40532,0.65
40533,0.77
40534,0.77
40535,0.79
40536,0.83
40537,0.83
40538,0.56
40540,0.83
40541,0.77
40542,0.82
40543,0.7
40544,0.85
40547,0.92
40548,0.91
40551,0.81
40552,0.68
40555,0.81
40556,0.79
40560,0.85
40562,0.88
40563,0.75
40564,0.83
40565,0.85
40566,0.81
40567,0.79
40570,0.79
40571,0.66
40572,0.77
40574,0.76
40575,0.65
40577,0.8
40578,0.82
40579,0.65
40580,0.86
40581,0.77
40582,0.78
40584,0.66
40585,0.77
40586,0.77
40587,0.73
40590,0.86
40591,0.79
40595,0.75
40598,0.52
40599,0.86
40600,0.85
40602,0.72
40603,0.65
40604,0.8
40607,0.85
40608,0.76
40611,0.73
40612,0.74
40613,0.9
40614,0.72
40615,0.8
40616,0.77
40617,0.85
40618,0.75
40619,0.86
40620,0.73
40621,0.8
40622,0.74
40623,0.81
40624,0.8
40626,0.9
40627,0.84
40628,0.87
40629,0.79
40630,0.68
40631,0.83
40632,0.77
40635,0.84
40637,0.65
40639,0.79
40640,0.68
40643,0.91
40645,0.81
40646,0.76
40647,0.76
40648,0.9
40649,0.65
40650,0.87
40651,0.8
40653,0.77
40654,0.7
40655,0.77
40656,0.77
40657,0.77
40658,0.77
40661,0.83
40662,0.72
40663,0.94
40664,0.77
40666,0.65
40667,0.77
40668,0.72
40669,0.77
40670,0.69
40671,0.95
40672,0.93
40673,0.79
40674,0.81
40677,0.77
40679,0.74
40680,0.72
40681,0.81
40682,0.57
40683,0.7
40684,0.78
40685,0.89
40686,0.9
40687,0.65
40688,0.77
40690,0.65
40691,0.69
40694,0.72
40695,0.84
40696,0.81
40698,0.77
40699,0.79
40702,0.92
40704,0.77
40706,0.88
40708,0.87
40711,0.59
40712,0.75
40713,0.78
40714,0.68
40716,0.8
40717,0.65
40719,0.65
40721,0.79
40722,0.75
40724,0.68
40725,0.91
40726,0.78
40727,0.77
40729,0.75
40730,0.72
40731,0.81
40732,0.88
40734,0.58
40735,0.77
40736,0.89
40737,0.55
40738,0.77
40739,0.58
40740,0.77
40741,0.76
40743,0.81
40745,0.8
40747,0.8
40749,0.82
40751,0.72
40752,0.89
40755,0.77
40756,0.67
40757,0.91
40759,0.77
40760,0.79
40761,0.87
40762,0.77
40763,0.57
40764,0.8
40765,0.78
40766,0.82
40767,0.75
40768,0.72
40772,0.77
40773,0.78
40774,0.72
40775,0.77
40777,0.77
40778,0.62
40780,0.79
40782,0.69
40783,0.77
40785,0.88
40786,0.83
40787,0.86
40788,0.77
40789,0.77
40791,0.79
40792,0.55
40794,0.86
40795,0.72
40797,0.74
40798,0.87
40799,0.82
40800,0.78
40801,0.78
40802,0.85
40803,0.77
40804,0.72
40805,0.79
40807,0.91
40808,0.76
40809,0.73
40810,0.87
40812,0.87
40813,0.77
40814,0.78
40816,0.75
40817,0.79
40818,0.81
40819,0.8
40821,0.8
40822,0.87
40823,0.77
40825,0.72
40826,0.94
40827,0.8
40828,0.77
40829,0.8
40831,0.8
40833,0.77
40834,0.83
40837,0.85
40838,0.85
40839,0.68
40841,0.72
40843,0.87
40844,0.77
40845,0.66
40846,0.9
40847,0.77
40848,0.88
40849,0.73
40850,0.65
40851,0.78
40852,0.72
40854,0.76
40855,0.87
40859,0.79
40860,0.78
40863,0.73
40865,0.88
40866,0.88
40867,0.83
40868,0.62
40871,0.78
40873,0.79
40874,0.83
40875,0.82
40876,0.79
40877,0.76
40878,0.93
40880,0.84
40881,0.77
40882,0.52
40883,0.71
40884,0.9
40885,0.81
40886,0.75
40887,0.8
40888,0.89
40889,0.79
40893,0.8
40896,0.8
40897,0.94
40898,0.78
40899,0.67
40900,0.77
40901,0.61
40903,0.68
40904,0.82
40905,0.5
40906,0.77
40911,0.92
40912,0.89
40913,0.78
40917,0.83
40918,0.72
40920,0.81
40921,0.77
40922,0.78
40923,0.72
40925,0.65
40927,0.9
40928,0.8
40930,0.82
40931,0.86
40932,0.65
40933,0.77
40935,0.72
40936,0.85
40937,0.77
40940,0.92
40941,0.77
40942,0.74
40944,0.8
40947,0.87
40948,0.83
40949,0.77
40950,0.81
40951,0.65
40952,0.9
40954,0.74
40955,0.77
40956,0.72
40957,0.52
40958,0.77
40959,0.77
40961,0.83
40962,0.77
40963,0.75
40964,0.77
40965,0.64
40966,0.86
40969,0.83
40972,0.85
40973,0.67
40975,0.88
40976,0.87
40978,0.88
40979,0.74
40980,0.56
40981,0.8
40982,0.77
40983,0.87
40984,0.8
40987,0.77
40988,0.77
40989,0.81
40990,0.58
40992,0.8
40994,0.88
40995,0.65
40996,0.73
40997,0.74
40998,0.83
40999,0.73
41000,0.89
41001,0.65
41002,0.88
41003,0.81
41006,0.88
41007,0.76
41009,0.88
41010,0.66
41011,0.86
41012,0.87
41014,0.8
41015,0.69
41016,0.79
41017,0.72
41018,0.82
41020,0.89
41021,0.72
41022,0.89
41023,0.79
41024,0.72
41026,0.65
41027,0.69
41028,0.73
41029,0.77
41030,0.89
41031,0.58
41032,0.73
41034,0.76
41035,0.78
41036,0.67
41038,0.88
41039,0.88
41040,0.77
41046,0.77
41047,0.75
41050,0.77
41051,0.85
41052,0.92
41053,0.5
41056,0.55
41058,0.75
41059,0.81
41060,0.77
41061,0.77
41062,0.67
41063,0.84
41065,0.77
41066,0.9
41067,0.8
41068,0.86
41069,0.88
41071,0.65
41073,0.72
41074,0.82
41075,0.78
41077,0.74
41078,0.72
41079,0.79
41080,0.65
41081,0.83
41082,0.84
41083,0.77
41085,0.8
41086,0.9
41087,0.77
41088,0.91
41090,0.67
41091,0.66
41092,0.84
41094,0.77
41096,0.84
41099,0.79
41100,0.72
41101,0.9
41102,0.76
41103,0.89
41104,0.92
41105,0.88
41106,0.85
41107,0.82
41108,0.87
41109,0.72
41110,0.81
41111,0.58
41113,0.65
41114,0.82
41115,0.77
41118,0.93
41119,0.86
41120,0.85
41121,0.77
41124,0.59
41125,0.89
41126,0.85
41127,0.9
41128,0.93
41129,0.8
41132,0.77
41133,0.76
41134,0.83
41136,0.77
41137,0.77
41138,0.86
41140,0.89
41141,0.8
41142,0.81
41143,0.64
41144,0.73
41146,0.83
41148,0.77
41149,0.9
41150,0.77
41152,0.95
41153,0.88
41154,0.9
41155,0.83
41156,0.83
41158,0.65
41159,0.9
41160,0.78
41161,0.85
41162,0.79
41163,0.84
41164,0.92
41168,0.88
41169,0.67
41170,0.77
41171,0.77
41173,0.79
41174,0.74
41177,0.82
41178,0.88
41180,0.84
41181,0.87
41182,0.77
41184,0.83
41185,0.94
41186,0.65
41189,0.71
41191,0.79
41192,0.92
41193,0.94
41194,0.77
41197,0.92
41199,0.82
41203,0.77
41205,0.88
41207,0.72
41208,0.74
41209,0.73
41212,0.85
41215,0.76
41216,0.8
41218,0.71
41220,0.5
41221,0.84
41222,0.72
41223,0.72
41224,0.87
41225,0.77
41226,0.77
41227,0.83
41228,0.8
41230,0.8
41232,0.83
41233,0.77
41235,0.77
41236,0.9
41237,0.84
41238,0.89
41240,0.77
41242,0.84
41244,0.84
41245,0.86
41246,0.8
41248,0.65
41250,0.84
41251,0.77
41253,0.77
41254,0.86
41255,0.88
41257,0.77
41259,0.65
41261,0.82
41262,0.89
41263,0.88
41264,0.91
41265,0.77
41267,0.8
41269,0.66
41270,0.88
41273,0.69
41275,0.69
41276,0.86
41277,0.86
41279,0.9
41280,0.91
41281,0.77
41282,0.88
41283,0.77
41285,0.81
41289,0.64
41290,0.87
41291,0.92
41294,0.88
41295,0.88
41297,0.81
41300,0.77
41301,0.84
41303,0.83
41305,0.77
41306,0.85
41308,0.8
41310,0.8
41311,0.77
41313,0.84
41315,0.8
41316,0.66
41317,0.85
41320,0.51
41321,0.88
41322,0.77
41323,0.86
41325,0.77
41327,0.82
41328,0.81
41329,0.62
41330,0.86
41331,0.83
41332,0.79
41333,0.85
41335,0.79
41336,0.77
41337,0.86
41339,0.81
41340,0.77
41341,0.8
41343,0.87
41346,0.82
41347,0.83
41348,0.77
41349,0.74
41350,0.82
41351,0.92
41352,0.77
41353,0.9
41354,0.77
41355,0.75
41356,0.9
41358,0.74
41360,0.88
41361,0.77
41362,0.77
41363,0.7
41366,0.58
41368,0.74
41370,0.58
41371,0.76
41372,0.5
41373,0.91
41374,0.89
41375,0.69
41377,0.79
41378,0.82
41379,0.85
41380,0.58
41383,0.77
41384,0.77
41386,0.78
41389,0.86
41390,0.77
41391,0.89
41392,0.84
41395,0.89
41396,0.72
41397,0.77
41399,0.9
41400,0.78
41401,0.79
41402,0.78
41403,0.92
41406,0.77
41408,0.84
41409,0.87
41410,0.86
41411,0.77
41412,0.65
41414,0.82
41415,0.84
41416,0.74
41418,0.67
41419,0.85
41422,0.76
41423,0.9
41424,0.79
41425,0.86
41426,0.81
41428,0.92
41429,0.9
41430,0.81
41431,0.94
41432,0.82
41433,0.76
41434,0.89
41435,0.77
41437,0.9
41438,0.82
41439,0.77
41440,0.89
41444,0.85
41446,0.87
41447,0.87
41448,0.9
41451,0.81
41453,0.77
41454,0.84
41455,0.87
41456,0.86
41458,0.78
41459,0.91
41461,0.83
41462,0.72
41465,0.8
41466,0.8
41467,0.81
41468,0.79
41469,0.5
41470,0.8
41471,0.94
41473,0.72
41474,0.79
41477,0.77
41479,0.88
41482,0.77
41484,0.78
41485,0.89
41486,0.86
41487,0.75
41488,0.77
41489,0.79
41490,0.89
41491,0.58
41493,0.8
41494,0.88
41495,0.77
41496,0.76
41499,0.8
41500,0.66
41501,0.77
41502,0.77
41505,0.93
41506,0.7
41507,0.78
41510,0.94
41512,0.81
41513,0.77
41514,0.8
41515,0.87
41517,0.79
41518,0.83
41519,0.86
41521,0.85
41522,0.87
41523,0.53
41525,0.85
41526,0.79
41529,0.89
41530,0.83
41531,0.81
41533,0.77
41535,0.63
41536,0.77
41537,0.82
41538,0.75
41539,0.82
41541,0.78
41542,0.82
41543,0.8
41544,0.92
41545,0.84
41548,0.61
41552,0.77
41553,0.85
41554,0.84
41555,0.87
41556,0.86
41557,0.75
41558,0.87
41559,0.78
41561,0.77
41562,0.71
41563,0.94
41564,0.76
41569,0.8
41570,0.82
41571,0.76
41573,0.81
41574,0.79
41575,0.77
41576,0.83
41577,0.78
41578,0.71
41579,0.77
41580,0.77
41582,0.75
41583,0.82
41584,0.77
41586,0.77
41587,0.8
41588,0.65
41589,0.78
41591,0.82
41593,0.9
41594,0.88
41596,0.77
41599,0.82
41600,0.78
41601,0.71
41603,0.8
41604,0.76
41605,0.88
41606,0.65
41607,0.92
41608,0.81
41609,0.64
41610,0.84
41611,0.92
41612,0.77
41614,0.84
41616,0.87
41617,0.62
41620,0.85
41621,0.87
41623,0.81
41624,0.71
41626,0.53
41628,0.87
41630,0.72
41633,0.77
41635,0.78
41637,0.61
41638,0.86
41640,0.83
41641,0.76
41644,0.65
41645,0.77
41646,0.9
41647,0.92
41648,0.62
41649,0.86
41650,0.72
41651,0.79
41652,0.85
41653,0.82
41656,0.82
41658,0.77
41659,0.77
41660,0.77
41661,0.72
41662,0.88
41664,0.79
41665,0.87
41667,0.71
41669,0.87
41671,0.85
41672,0.58
41673,0.78
41674,0.82
41675,0.77
41676,0.88
41679,0.75
41680,0.81
41681,0.77
41683,0.81
41684,0.65
41685,0.8
41686,0.87
41687,0.84
41688,0.92
41690,0.75
41691,0.78
41692,0.86
41693,0.84
41694,0.7
41695,0.79
41696,0.87
41698,0.92
41699,0.77
41700,0.74
41701,0.79
41702,0.83
41703,0.72
41704,0.8
41706,0.78
41707,0.81
41709,0.83
41710,0.74
41712,0.77
41713,0.9
41715,0.77
41716,0.72
41718,0.79
41720,0.81
41721,0.85
41722,0.77
41723,0.86
41725,0.94
41727,0.69
41728,0.77
41730,0.8
41731,0.66
41732,0.95
41733,0.77
41734,0.73
41735,0.83
41736,0.71
41738,0.86
41739,0.77
41741,0.89
41742,0.95
41744,0.8
41746,0.78
41747,0.76
41748,0.77
41749,0.58
41750,0.73
41752,0.78
41753,0.8
41754,0.77
41755,0.77
41756,0.52
41757,0.78
41758,0.92
41759,0.57
41761,0.81
41763,0.78
41764,0.81
41766,0.77
41767,0.58
41768,0.75
41770,0.78
41772,0.88
41775,0.64
41776,0.69
41778,0.82
41781,0.87
41782,0.9
41783,0.72
41784,0.77
41788,0.81
41789,0.87
41790,0.77
41792,0.77
41793,0.7
41794,0.77
41796,0.92
41799,0.85
41801,0.75
41802,0.85
41803,0.77
41804,0.81
41805,0.64
41806,0.76
41807,0.9
41809,0.83
41811,0.55
41814,0.8
41816,0.82
41819,0.84
41822,0.77
41823,0.88
41825,0.86
41828,0.88
41829,0.79
41830,0.86
41833,0.69
41834,0.77
41835,0.77
41836,0.77
41838,0.58
41841,0.88
41842,0.8
41843,0.78
41844,0.77
41846,0.68
41847,0.72
41848,0.79
41849,0.77
41850,0.77
41851,0.8
41853,0.68
41854,0.77
41855,0.86
41856,0.76
41857,0.77
41858,0.58
41859,0.77
41860,0.74
41862,0.79
41864,0.78
41865,0.92
41866,0.78
41867,0.81
41868,0.94
41869,0.8
41870,0.8
41872,0.8
41873,0.81
41874,0.85
41875,0.88
41876,0.77
41878,0.77
41879,0.87
41880,0.76
41882,0.82
41884,0.6
41885,0.88
41886,0.51
41887,0.83
41888,0.65
41890,0.89
41891,0.83
41892,0.79
41894,0.77
41896,0.78
41899,0.73
41901,0.82
41903,0.89
41904,0.89
41905,0.92
41906,0.77
41907,0.87
41908,0.88
41909,0.77
41910,0.95
41912,0.72
41913,0.53
41914,0.89
41916,0.83
41919,0.81
41920,0.81
41921,0.68
41922,0.79
41926,0.8
41927,0.65
41928,0.77
41932,0.83
41933,0.9
41934,0.79
41936,0.91
41937,0.86
41938,0.9
41940,0.85
41941,0.81
41945,0.77
41946,0.86
41947,0.83
41948,0.77
41951,0.66
41952,0.72
41953,0.61
41954,0.87
41955,0.87
41956,0.56
41957,0.78
41958,0.92
41959,0.58
41962,0.77
41963,0.56
41964,0.68
41965,0.9
41968,0.77
41969,0.55
41970,0.85
41971,0.78
41973,0.67
41976,0.86
41978,0.72
41979,0.84
41980,0.77
41981,0.86
41982,0.83
41983,0.86
41984,0.87
41985,0.86
41986,0.77
41987,0.8
41988,0.89
41989,0.9
41990,0.89
41991,0.77
41992,0.77
41993,0.79
41996,0.82
41997,0.78
41998,0.77
42001,0.85
42002,0.76
42004,0.86
42006,0.69
42008,0.77
42011,0.84
42012,0.77
42013,0.81
42015,0.66
42017,0.88
42018,0.56
42020,0.77
42021,0.82
42022,0.77
42024,0.81
42025,0.72
42026,0.8
42028,0.8
42032,0.78
42033,0.88
42034,0.65
42035,0.77
42036,0.91
42037,0.77
42038,0.86
42039,0.88
42040,0.84
42042,0.77
42043,0.84
42044,0.94
42045,0.79
42047,0.77
42048,0.85
42049,0.87
42050,0.84
42053,0.81
42054,0.81
42056,0.77
42057,0.78
42058,0.69
42059,0.75
42063,0.72
42064,0.82
42065,0.87
42067,0.83
42070,0.89
42071,0.83
42072,0.8
42073,0.72
42074,0.84
42075,0.77
42077,0.85
42078,0.81
42079,0.9
42080,0.79
42081,0.83
42084,0.71
42085,0.82
42086,0.79
42087,0.82
42089,0.89
42091,0.85
42093,0.79
42094,0.77
42095,0.83
42096,0.68
42098,0.87
42099,0.77
42100,0.86
42101,0.77
42104,0.94
42105,0.68
42106,0.74
42108,0.91
42110,0.92
42111,0.87
42112,0.72
42114,0.77
42115,0.77
42116,0.85
42118,0.77
42119,0.77
42120,0.72
42121,0.77
42123,0.56
42126,0.92
42128,0.66
42129,0.78
42130,0.87
42131,0.77
42132,0.77
42133,0.93
42134,0.73
42137,0.8
42139,0.77
42140,0.83
42141,0.79
42142,0.77
42143,0.88
42144,0.77
42146,0.58
42147,0.77
42148,0.88
42149,0.79
42153,0.52
42154,0.81
42155,0.83
42156,0.8
42158,0.81
42159,0.81
42161,0.89
42163,0.86
42164,0.72
42165,0.84
42166,0.77
42167,0.81
42169,0.94
42171,0.88
42172,0.77
42174,0.78
42175,0.56
42176,0.77
42178,0.78
42179,0.8
42180,0.65
42181,0.78
42182,0.77
42183,0.81
42184,0.84
42185,0.77
42186,0.77
42187,0.77
42188,0.79
42190,0.81
42192,0.84
42194,0.77
42196,0.79
42197,0.87
42198,0.85
42199,0.7
42200,0.78
42201,0.77
42202,0.86
42203,0.9
42204,0.86
42207,0.83
42208,0.78
42209,0.86
42210,0.77
42211,0.77
42212,0.83
42213,0.75
42215,0.78
42216,0.8
42217,0.79
42218,0.83
42219,0.77
42220,0.86
42221,0.8
42222,0.91
42223,0.68
42224,0.9
42226,0.69
42227,0.89
42229,0.74
42232,0.8
42234,0.83
42235,0.88
42236,0.77
42238,0.81
42239,0.81
42240,0.81
42241,0.83
42242,0.57
42244,0.89
42245,0.8
42246,0.83
42247,0.85
42249,0.77
42250,0.77
42251,0.74
42253,0.92
42254,0.77
42255,0.85
42256,0.82
42262,0.78
42263,0.85
42264,0.77
42266,0.81
42267,0.65
42268,0.81
42270,0.6
42271,0.6
42272,0.63
42273,0.77
42274,0.78
42275,0.72
42280,0.65
42281,0.78
42283,0.87
42284,0.9
42285,0.92
42287,0.91
42288,0.89
42289,0.77
42290,0.86
42291,0.89
42292,0.84
42293,0.83
42294,0.93
42296,0.88
42300,0.65
42301,0.92
42302,0.59
42303,0.8
42305,0.78
42306,0.84
42308,0.77
42310,0.58
42312,0.78
42317,0.88
42319,0.87
42320,0.77
42321,0.87
42322,0.77
42323,0.84
42325,0.77
42328,0.8
42329,0.9
42330,0.78
42332,0.62
42333,0.77
42334,0.8
42335,0.78
42336,0.86
42338,0.74
42339,0.78
42341,0.5
42343,0.72
42344,0.82
42345,0.78
42346,0.93
42347,0.8
42348,0.5
42349,0.83
42351,0.9
42354,0.66
42355,0.83
42358,0.77
42359,0.78
42361,0.84
42367,0.79
42368,0.62
42369,0.82
42370,0.76
42371,0.75
42372,0.77
42374,0.78
42375,0.79
42377,0.85
42378,0.58
42379,0.75
42380,0.62
42382,0.79
42385,0.77
42386,0.9
42388,0.6
42390,0.77
42391,0.88
42395,0.51
42400,0.87
42401,0.81
42402,0.8
42404,0.8
42407,0.57
42408,0.88
42409,0.7
42412,0.77
42413,0.79
42416,0.76
42418,0.76
42419,0.79
42420,0.76
42421,0.72
42422,0.81
42423,0.83
42424,0.77
42426,0.82
42427,0.86
42428,0.84
42430,0.77
42431,0.78
42433,0.77
42434,0.83
42435,0.81
42436,0.81
42438,0.87
42439,0.71
42440,0.81
42442,0.5
42443,0.62
42444,0.69
42445,0.86
42446,0.8
42447,0.83
42448,0.67
42451,0.77
42452,0.73
42453,0.74
42454,0.88
42456,0.84
42457,0.76
42458,0.92
42459,0.83
42460,0.79
42462,0.66
42464,0.65
42466,0.88
42467,0.77
42468,0.89
42469,0.89
42470,0.78
42471,0.73
42472,0.71
42474,0.73
42475,0.77
42476,0.85
42477,0.75
42478,0.83
42479,0.77
42480,0.77
42481,0.72
42485,0.84
42487,0.8
42488,0.77
42489,0.9
42490,0.79
42491,0.79
42492,0.77
42493,0.84
42496,0.72
42497,0.9
42500,0.8
42501,0.8
42503,0.84
42504,0.73
42505,0.81
42506,0.85
42509,0.65
42511,0.78
42513,0.85
42514,0.92
42517,0.71
42518,0.83
42520,0.75
42521,0.8
42522,0.53
42525,0.9
42526,0.77
42528,0.81
42529,0.85
42530,0.66
42532,0.77
42534,0.84
42535,0.6
42537,0.83
42538,0.77
42541,0.75
42542,0.82
42543,0.9
42544,0.91
42546,0.87
42547,0.91
42549,0.77
42551,0.77
42554,0.89
42555,0.74
42556,0.84
42559,0.66
42560,0.77
42561,0.88
42562,0.84
42563,0.78
42565,0.81
42567,0.73
42568,0.78
42570,0.85
42571,0.69
42572,0.77
42573,0.82
42574,0.77
42575,0.84
42576,0.93
42577,0.74
42580,0.91
42582,0.79
42584,0.84
42585,0.88
42586,0.8
42588,0.84
42589,0.69
42590,0.78
42591,0.8
42592,0.92
42593,0.79
42595,0.85
42596,0.86
42598,0.77
42599,0.8
42601,0.86
42602,0.65
42603,0.89
42610,0.92
42612,0.87
42613,0.86
42614,0.92
42615,0.84
42617,0.79
42619,0.88
42620,0.85
42623,0.82
42627,0.65
42629,0.72
42631,0.9
42632,0.82
42636,0.58
42637,0.71
42640,0.83
42641,0.8
42642,0.77
42645,0.76
42646,0.85
42647,0.8
42649,0.78
42650,0.58
42651,0.74
42653,0.9
42654,0.95
42655,0.83
42658,0.82
42666,0.78
42667,0.77
42669,0.77
42670,0.84
42671,0.71
42673,0.77
42677,0.77
42678,0.9
42680,0.75
42681,0.74
42682,0.83
42683,0.77
42684,0.8
42685,0.87
42686,0.87
42689,0.72
42690,0.83
42691,0.65
42692,0.83
42694,0.76
42695,0.78
42698,0.77
42699,0.86
42700,0.77
42701,0.8
42702,0.81
42704,0.85
42705,0.76
42706,0.86
42707,0.61
42711,0.79
42714,0.83
42716,0.8
42717,0.71
42718,0.92
42719,0.85
42721,0.71
42723,0.77
42724,0.76
42725,0.88
42726,0.77
42727,0.77
42729,0.92
42730,0.78
42731,0.91
42735,0.84
42737,0.81
42739,0.81
42740,0.75
42741,0.79
42743,0.8
42744,0.5
42746,0.91
42747,0.69
42748,0.86
42749,0.87
42750,0.78
42753,0.86
42755,0.88
42759,0.8
42760,0.89
42761,0.77
42765,0.83
42767,0.73
42772,0.9
42776,0.83
42777,0.87
42778,0.89
42779,0.85
42781,0.73
42782,0.86
42783,0.58
42784,0.85
42785,0.86
42786,0.74
42787,0.54
42788,0.77
42791,0.55
42794,0.87
42795,0.59
42796,0.81
42798,0.65
42802,0.65
42803,0.8
42806,0.8
42807,0.87
42808,0.77
42809,0.9
42810,0.59
42813,0.85
42814,0.77
42816,0.77
42817,0.77
42818,0.79
42819,0.76
42820,0.8
42821,0.8
42822,0.51
42826,0.82
42832,0.81
42835,0.74
42836,0.79
42837,0.77
42838,0.77
42839,0.77
42840,0.65
42841,0.77
42842,0.77
42843,0.92
42844,0.78
42847,0.85
42848,0.79
42850,0.79
42852,0.76
42853,0.79
42854,0.83
42855,0.85
42857,0.77
42858,0.89
42860,0.7
42862,0.8
42867,0.87
42868,0.73
42869,0.8
42870,0.79
42874,0.8
42875,0.77
42877,0.88
42878,0.92
42879,0.65
42882,0.81
42883,0.71
42885,0.82
42887,0.79
42891,0.77
42892,0.84
42893,0.68
42894,0.89
42895,0.69
42898,0.95
42899,0.86
42900,0.8
42901,0.78
42903,0.74
42904,0.87
42906,0.77
42910,0.78
42911,0.81
42914,0.77
42916,0.81
42918,0.78
42919,0.79
42920,0.91
42921,0.77
42925,0.88
42926,0.84
42928,0.91
42929,0.77
42930,0.81
42931,0.77
42932,0.84
42933,0.72
42934,0.83
42935,0.8
42936,0.81
42937,0.83
42939,0.82
42940,0.77
42942,0.77
42943,0.9
42944,0.86
42945,0.77
42946,0.86
42947,0.58
42948,0.77
42950,0.78
42951,0.83
42952,0.77
42953,0.79
42955,0.72
42958,0.79
42959,0.95
42960,0.8
42961,0.87
42962,0.87
42963,0.62
42964,0.65
42965,0.74
42970,0.65
42972,0.81
42973,0.52
42974,0.9
42977,0.77
42978,0.65
42979,0.73
42982,0.9
42983,0.84
42984,0.73
42985,0.89
42987,0.77
42988,0.83
42990,0.8
42991,0.77
42993,0.8
42994,0.8
42995,0.81
42996,0.65
42997,0.68
42998,0.82
43001,0.83
43003,0.74
43004,0.65
43006,0.65
43008,0.77
43015,0.82
43017,0.91
43019,0.73
43021,0.8
43022,0.8
43023,0.77
43025,0.77
43028,0.77
43029,0.77
43030,0.81
43031,0.78
43032,0.87
43033,0.85
43034,0.77
43035,0.89
43036,0.78
43037,0.85
43039,0.77
43040,0.87
43041,0.77
43042,0.77
43044,0.77
43045,0.87
43046,0.85
43049,0.8
43050,0.85
43055,0.57
43057,0.77
43060,0.86
43061,0.77
43062,0.87
43064,0.8
43065,0.75
43066,0.56
43067,0.8
43068,0.76
43069,0.9
43070,0.81
43071,0.77
43072,0.82
43073,0.79
43075,0.9
43076,0.79
43077,0.78
43078,0.81
43080,0.8
43083,0.89
43084,0.93
43085,0.77
43086,0.69
43087,0.51
43088,0.83
43089,0.77
43090,0.8
43091,0.8
43095,0.58
43097,0.92
43099,0.79
43101,0.63
43102,0.73
43103,0.9
43105,0.55
43107,0.82
43110,0.65
43111,0.88
43117,0.83
43118,0.77
43121,0.88
43122,0.84
43124,0.54
43126,0.84
43127,0.58
43128,0.9
43130,0.81
43131,0.86
43133,0.89
43138,0.77
43140,0.89
43141,0.72
43142,0.65
43143,0.75
43145,0.89
43147,0.87
43148,0.78
43149,0.8
43150,0.72
43151,0.86
43152,0.91
43154,0.77
43155,0.8
43156,0.77
43159,0.88
43160,0.79
43162,0.69
43163,0.8
43165,0.76
43166,0.8
43167,0.8
43171,0.77
43172,0.94
43173,0.82
43174,0.81
43175,0.78
43180,0.79
43181,0.81
43182,0.67
